Company,First name,Last Name,Title,Street,Suburb,State,Postcode,Phone,Fax,Mobile,Email,Website
Lift Truck Services,Larry,PERRY,,91 Midland Hwy,Epsom,VIC,3551,03 5448 8802,,0412 621 212,Larry-d7d27@bendigotraders.org,www.megt.com.au
OPSM Bendigo,Samuel,ALLEGRETTA,Optometrist & Contact Lense Specialist,Bendigo Market Place,Bendigo ,VIC,3550,03 5443 4662,5441 6209,,Samuel-fa917@bendigotraders.org,www.idealloans.com.au
SCT Logistics,Kaye,RODNEY,,220 Westlink Court,Altona,VIC,3018,03 9931 5333,9369 9747,0437 129 078,Kaye-efc0a@bendigotraders.org,
Bendigo Community Telco,William,KURJATA,Sales Manager,Po Box 1062,Bendigo ,VIC,3552,03 5454 5010,5454 1510,0428 366 005,William-5d2f8@bendigotraders.org,www.domainliving.com.au
CVGT ,Claire,BARCLAY,Business Development Manager,4 Mundy Street,Bendigo,VIC,3550,03 5441 5177,5443 8549,0418 126 529,Claire-45565@bendigotraders.org,www.bendigobank.com.au
Wet Technologies,Anna,BLACK,Business Development Manager,109 Karinie Street,Swan Hill,VIC,3585,03 5033 1566,5033 1213,0400 146 512,Anna-7c2c7@bendigotraders.org,
The Green Olive,Tom,MAINLAND,,217 Bath Lane,Bendigo ,VIC,3550,03 5442 2676,5442 2676,,Tom-7a292@bendigotraders.org,www.artlivemedia.com
Universita Bar & Risotrante,Susie,BROOKS,,76 Lygon Street ,Carlton,VIC,3053,03 9347 2142,9347 0705,0418 186 104,Susie-05018@bendigotraders.org,www.greatershepparton.com.au
Rebecca Productions,June,ANDERSON,Exectuitve Producer,Po Box 409,Ashburton,VIC,3147,03 9889 9799,,0418 726 506,June-bdd0a@bendigotraders.org,www.delfinrealty.com.au
Radiation Oncology Victoria,Charles,BURDON,Chief Exectutive Officer,Head Office: 132 Grey Street,East Melbourne,VIC,3002,03 9418 2200,9418 2288,0417 887 791,Charles-86a3c@bendigotraders.org,www.commbank.com.au
Doug Lougoon For Real Estate,Kathryn,CHANT,Estate Agent & Auctioneer,118 Wills Street,Bendigo ,VIC,3550,03 5445 5488,5445 5499,0418 510 025,Kathryn-9cae4@bendigotraders.org,www.bendigobank.com.au
Southern Cross Office Equipment,Audrey,BATTY,,85 Mitchell Street,Bendigo,VIC,3550,03 5441 6333,5442 6026,,Audrey-9dfac@bendigotraders.org,
Australian Receivables Limited,Diane,PETTERSON,Business Development Executive,Shop 4 Woodbury Court McIvor Road,Bendigo,VIC,3550,03 5441 3033,5480 1660,0488 311 983,Diane-1f974@bendigotraders.org,
Commonwealth Bank,Stacey,BANFIELD,Relationship Manager,202 King Street,Bendigo ,VIC,3550,03 5440 2663,5440 2659,,Stacey-6b3a9@bendigotraders.org,www.victoriafinance.com.au
PH Property,Jeffery,BLACKMAN,Director,136 Mitchell Street,Bendigo ,VIC,3550,03 5454 1999,5454 1998,0412 519 998,Jeffery-68815@bendigotraders.org,www.bsi.com.au
Win Television,Beatrice,PETTY,Station Manager,Cnr High & Lilly Streets,Bendigo ,VIC,3550,03 5441 8035,5441 8015,0401 673 530,Beatrice-8f7e3@bendigotraders.org,
Loddon Mallee Pallitive Care,Jennifer,FALLON,Administration Officer,,,,,03 5454 9208,5454 6496,,Jennifer-dcc7e@bendigotraders.org,www.homebuildingsystem.com.au
Tin Shed Arts,Alec,SADLIER,Director,85 Mollison Street ,Malmsbury,VIC,3446,03 5423 2144,,,Alec-64455@bendigotraders.org,www.hudsonscoffee.com.au
TADVIC,Benjamin,WRAY,Chief Exectutive Officer,52 Yarra Boulevard,Kew,VIC,3101,03 9853 8655,9853 8098,,Benjamin-5bac5@bendigotraders.org,
Impress Publicity,Jeff,SPAIN,,79 Nixon Street,Shepparton ,VIC,3630,03 5821 2651,5821 6174,0427 212 651,Jeff-fb531@bendigotraders.org,
Simonds Homes,Tammy,BINNS,Regional Manager,Po Box 5022,Sandhurst East,VIC,3550,03 5445 1506,5442 9800,0400 794 212,Tammy-e2e4e@bendigotraders.org,www.bendigotelco.com.au
Reale Creative,Emma,BLACK,,Po Box 7235,Shepparton ,VIC,3632,,,,Emma-4cc98@bendigotraders.org,www.commbank.com.au
Fresh 2 U ,Sam,HOLMES,,Market Box 12 542 Footscray Rd,West Melbourne,VIC,3003,03 9687 9322,9689 6116,0416 275 634,Sam-e265e@bendigotraders.org,www.ljhooker.com
I Do  I Do Creations,Vicki,FARRELL,"Events, Advertising, Marketing Director ",Po Box 2573,Bendigo ,VIC,3554,03 5444 2797,,0439 205 406,Vicki-ace87@bendigotraders.org,
QDT,Lisa,McKEEVER,,211 Spring Gully Road,Bendigo,VIC,3550,03 5443 9605,03 5441 6902,0408 053 990,Lisa-6d6a9@bendigotraders.org,http://www.thrive-imagine.com
Rebecca Productions,Colin,BOWDEN,Exectuitve Producer,Po Box 409,Ashburton,VIC,3147,03 9889 9799,,0418 726 506,Colin-67292@bendigotraders.org,
DRP Architechts (Well Springs Day Spa),Mary,BROWN,Senior Interior Designer,No1 York Place ,Prahran,VIC,3181,03 9521 3414,9521 3644,0414 503 344,Mary-37d27@bendigotraders.org,www.happylanding.com.au
Hildebrand Australia,Cathi,DOSCAS,Managing Director,,,,,,,0412 462 865,Cathi-fb7ef@bendigotraders.org,
GTS Interactive,Vicki,ALLAN,,Po Box 6298,St.Kilda Road Central,VIC,8008,,,0419 232 565,Vicki-d7761@bendigotraders.org,
Vivadas,Kathy,CARDINAL,Account Director,115 High Street,Prahran,VIC,3181,03 9529 3533,9529 7823,0417 033 118,Kathy-5e6a5@bendigotraders.org,www.icnvic.org.au
Wet Technologies,Steven,GRUNBERG,Business Development Manager,148 Karinie Street,Swan Hill,VIC,3585,03 5033 1566,5033 1213,0400 146 512,Steven-c0efe@bendigotraders.org,www.cornstalksoftware.com.au
Hildebrand Australia,Garth,ADAMS,Managing Director,,,,,,,0412 462 865,Garth-be72f@bendigotraders.org,
National Confectionery Wholesalers,Nigel,P,Sales & Marketing Co-Ordinator,Suite 43/255 Drummond Street,Carlton,VIC,3053,03 9349 9800,9349 9899,0418 220 957,Nigel-5bb4b@bendigotraders.org,
Clive Peters,Millicent,HAWKINS,Sales Representative,43 High Street,Kangaroo Flat,VIC,3555,03 5447 5200,5447 5255,,Millicent-33019@bendigotraders.org,www.bendig.vic.gov.au
Remington Direct,Stephen,FELLOWS,Managing Director,226 Mair Street ,Ballarat,VIC,3350,03 5332 9077,5332 1933,0408 147 950,Stephen-1e1fb@bendigotraders.org,www.epicureandeli.com.au
Evans Shoes,Ruth,CECIL,Manager,157-33 Williamson Street,Bendigo ,VIC,3550,03 5443 8128,5441 3573,,Ruth-85c4c@bendigotraders.org,
Bicknells Independent Sport,Gillian,BROOKS,,64 Williamson Street,Bendigo ,VIC,3550,03 5443 4299,5442 2845,,Gillian-0f132@bendigotraders.org,www.gtsinteractive.com
The Bridge,Rhys,BROOKS,Owner,151 Bridge Street,Bendigo ,VIC,3550,03 5443 7811,5442 7714,0438 232 467,Rhys-718b8@bendigotraders.org,
REIV,Ena,McLELLAN,Estate Agent,61 Camberwell Road,Camberwell ,VIC,3124,+61 3 9205 6626 ,+61 3 9205 6692,0419 165 989,Ena-ed31e@bendigotraders.org,
Impress Publicity,Saboth,ARNOLD,,154 Nixon Street,Shepparton ,VIC,3630,03 5821 2651,5821 6174,0408 579 199,Saboth-1057a@bendigotraders.org,www.qdt.com.au
OPSM Bendigo,Michael,DILLON,Optometrist & Contact Lense Specialist,Bendigo Market Place,Bendigo ,VIC,3550,03 5443 4662,5441 6209,,Michael-7e36b@bendigotraders.org,www.winnlegal.com.au
Tourism -Shepparton Council,Karll,McVEIGH,Manager ,Locked Bag 1000,Shepparton ,VIC,3632,03 5832 9849,5831 1987,0400 650 817,Karll-0f8d0@bendigotraders.org,www.grantready.com.au
Comfort Inn Julie-Anna,David,COPE,,127 Napier Street,Bendigo ,VIC,3550,03 5442 5855,5441 6032,,David-85ce0@bendigotraders.org,
MacroPlan Australia,Jack,GOODENOUGH,Associate Director,Level 4 356 Collins Street,Melbourne,VIC,3000,03 9600 0500,,0402 325 290,Jack-83bf5@bendigotraders.org,
Telstra Country Wide,Kathleen,BLACK,Business Solutions Manager,,,,,1800 630 052,8601 3198,,Kathleen-c23d2@bendigotraders.org,www.birchrove.net.au
Dunkeld Pastoral,Jill,EDWARDS,Operations Manager,Po Box 50 ,Dunkeld,VIC,3294,03 5577 2644,5577 2622,,Jill-65c3b@bendigotraders.org,www.confuciusinstitute.unimelb.edu.au
TKO Business Modeller,Jennie,BROWN,TKO Developer / Founder,100 Mitchell Street,Bendigo,VIC,3550,1300 131 822,5441 1201,0419 337 287,Jennie-ad7f1@bendigotraders.org,www.cvgt.com.au
Commonwealth Bank,Barbara,RENDELL,Customer Service Speacialist,106 Hargreaves Mall,Bendigo,VIC,3550,03 5440 2100,5440 2142,,Barbara-3fe47@bendigotraders.org,
SITA Environmental Solutions,June,ALLAN,Branch Manager,67-19 Stonepark Road,Ballarat,VIC,3350,03 5336 2733,5336 2871,0412 553 229 ,June-85e37@bendigotraders.org,www.cebendigo.com.au
MacroPlan Australia,Kaye,ANDREWS,Associate Director,Level 4 356 Collins Street,Melbourne,VIC,3000,03 9600 0500,,0402 325 290,Kaye-15b7f@bendigotraders.org,
Reale Creative,Kevin,HARRISON,,Po Box 7235,Shepparton ,VIC,3632,,,,Kevin-f2b90@bendigotraders.org,www.cvgt.com.au
Floate Design Partners,Sheila,ANDREWS,,Level 1 351-353 Elizabeth Street,Melbourne,VIC,3000,03 9606 0866,9670 8216,0418 592 158,Sheila-a1c52@bendigotraders.org,www.remingtondirect.com.au
Your Emplyment Solutions,Emily,BOYS,Site Manager,106B Mollison Street,Bendigo,VIC,3550,03 5441 5611,5441 5894,,Emily-8b742@bendigotraders.org,
Bendigo Community Telco,Rosalind,MOULTON,Sales Manager,Po Box 1062,Bendigo ,VIC,3552,03 5454 5010,5454 1510,0428 366 005,Rosalind-be0c8@bendigotraders.org,www.growdata.com.au
Commonwealth Bank,Mandy,HYMUS,Relationship Manager,55 King Street,Bendigo ,VIC,3550,03 5440 2663,5440 2659,,Mandy-f68f1@bendigotraders.org,www.ncw.com.au
The Green Olive,Alexander,SHINNER,,52 Bath Lane,Bendigo ,VIC,3550,03 5442 2676,5442 2676,,Alexander-26874@bendigotraders.org,
Bicknells Independent Sport,Joanna,BLACK,,184 Williamson Street,Bendigo ,VIC,3550,03 5443 4299,5442 2845,,Joanna-f798a@bendigotraders.org,
Hickory Developments,Tim,WEBB,Development Manager,184 Cremorne Street,Richmonmd,VIC,3121,03 9429 7411,9428 7376,0412 800 091,Tim-4f966@bendigotraders.org,
Integrating Technology,Ben,MUIR,Senior Systems Engineer,4 Wills Street,Bendigo ,VIC,3550,03 5442 5322,5442 5317,0419 311 433,Ben-4bf5d@bendigotraders.org,
Clive Peters,Duncan,LEISALD,Sales Representative,166 High Street,Kangaroo Flat,VIC,3555,03 5447 5200,5447 5255,,Duncan-871a7@bendigotraders.org,www.bendigocinemas.com.au
VEA,Marie,BLACK,It Manager,73A Mitchell Street,Bendigo ,VIC,3550,03 5448 2424 ,5441 8992,,Marie-08cc8@bendigotraders.org,
Bendigo Bank,Janice,AH SING,Business Banking Officer,121 Hargreaves Street,Bendigo,VIC,3550,03 5433 9090,5433 9588,0413 124 629,Janice-78e10@bendigotraders.org,
Calder Regional Waste Management ,Sheila,TORY,Executive Officer,Po Box 303 ,Woodend,VIC,3442,03 5427 3479,,0438 771 757,Sheila-606c6@bendigotraders.org,
Maloahouse Gourmet Delights,Karen,BURGESS,Owner/Manager,ShopOne 97 High Street,Woodend,VIC,3442,03 5427 1608,5427 3226,,Karen-7113b@bendigotraders.org,www.clivepeters.com.au
Make Your House A Home,Peter,LOWRY,,,,,,03 5442 6093,,,Peter-7fb8a@bendigotraders.org,www.advancelandscapeandleisure.com.au
Delfin Realty - Edgewater,Colleen,HAYTON,Branch Manager,202-48 Edgewater Blvd,Maribyrnong,VIC,3032,03 8318 0203,9318 4685,0413 131 134,Colleen-d11ec@bendigotraders.org,www.ezysys.com.au
Direct Focus Consulting,Lilian,BLACKMAN,Director,GPO Box 5002Y ,Melbourne,VIC,3001,03 9639 4513,9639 7411,0418 136 840,Lilian-de414@bendigotraders.org,www.evansshoes.com.au
Evans Shoes,Jeanne,LIDDELL,Managing Director,46 Hare Street,Echuca,VIC,3564,03 5482 3499,5482 5605,,Jeanne-37bfa@bendigotraders.org,www.eplusarchitecture.com.au
Birchgrove Property Group,Fred,ATKINS,Director,Po Box 43,Strathdale,VIC,3550,1300 856 911,5442 6111,0419 318 360,Fred-7517c@bendigotraders.org,www.telstra.com/countrywide
Home Building System,Bill,WHITWORTH,National Business Development Manager,Po Box 6850 St.Kilda Road,Melbourne,VIC,8008,1300 733 730,1300 557 486,,Bill-a33fb@bendigotraders.org,www.yesonline.com.au
Win Television,Julia,WYNNE,Station Manager,Cnr High & Lilly Streets,Bendigo ,VIC,3550,03 5441 8035,5441 8015,0401 673 530,Julia-5d28f@bendigotraders.org,www.hildebrand.com.au
Industry Capability Network,James,SAMUELS,Regional Manager,94 Edwards Street,Bendigo ,VIC,3550,03 5441 8611,5442 5452,0407 182 952,James-53bd9@bendigotraders.org,www.stephenmalone.com.au
City of Greater Bendigo,Winnie,FANNON,Industry/Business Development Officer,22 Lyttleton Terrace,Bendigo ,VIC,3552,03 5434 6197,5434 6267,0419 162 003,Winnie-d616d@bendigotraders.org,
Forrest Computing,Steve,ZIC,Workshop Manager,Midland Hwy,Epsom,VIC,,03 5448 4934,5448 4938,0418 507 959,Steve-ffc2b@bendigotraders.org,
Happy Landing Marketing & Events,Polly,HELLIWELL,Director,Po Box 68,Bendigo Central,VIC,3552,,,0419 114 573,Polly-fe380@bendigotraders.org,www.wellspringsdayspa.com.au
CVGT ,Steve,BENNETT,Business Development Manager,70 Mundy Street,Bendigo,VIC,3550,03 5441 5177,5443 8549,0418 126 529,Steve-d4523@bendigotraders.org,www.happylanding.com.au
Wet Technologies,Lizzy,BEARDMAN,National Sales Manager,70 Karinie Street,Swan Hill,VIC,3585,03 5033 1566,5033 1213,0400 580 431,Lizzy-3d7bb@bendigotraders.org,www.bendigobank.com.au
Bendigo Trainging Academy,Johnnie,YEWDALE,,52 High Street ,Bendigo ,VIC,3550,03 5444 1876,5441 6727,0409 947 129,Johnnie-66247@bendigotraders.org,
Bendigo Health,Colston,KILROY,Project Officer,Po Box 126,Bendigo ,VIC,3552,03 5454 6412,5454 6420,,Colston-1866b@bendigotraders.org,www.cebendigo.com.au
Southern Cross Office Equipment,Stuart,HAVERCROFT,,103 Mitchell Street,Bendigo,VIC,3550,03 5441 6333,5442 6026,,Stuart-e7d55@bendigotraders.org,www.domainliving.com.au
Integrating Technology,Denis,LOW,Senior Systems Engineer,55 Wills Street,Bendigo ,VIC,3550,03 5442 5322,5442 5317,0419 311 433,Denis-22bec@bendigotraders.org,
Ideal Loans,Hughie,BURKE,MIAA Member,Suite A 40 Strickland Road ,Bendigo ,VIC,3550,,5444 0798,0408 601 640,Hughie-b738d@bendigotraders.org,
,Sasha,McBRIDE,,,,,,,,,Sasha-89813@bendigotraders.org,www.grantready.com.au
National Confectionery Wholesalers,Philip,LANGMID,General Manager,Suite 43/255 Drummond Street,Carlton,VIC,3053,03 9349 9800,9349 9899,0418 575 432,Philip-11dc8@bendigotraders.org,
Happy Landing Marketing & Events,Lucien,MURPHY,Director,Po Box 68,Bendigo Central,VIC,3552,,,0419 114 573,Lucien-d19df@bendigotraders.org,www.clivepeters.com.au
Direct Focus Consulting,Timothy,BEATTIE,Director,GPO Box 5002Y ,Melbourne,VIC,3001,03 9639 4513,9639 7411,0418 136 840,Timothy-195cf@bendigotraders.org,
Hogan's Accountants & Advisors,Trevor,WRAY,,178 St.Georges Road,North Fitzroy,VIC,3068,03 9481 7473,9482 4141,0413 584 700,Trevor-92b60@bendigotraders.org,www.tadvic.asn.au
Universita Bar & Risotrante,Jonathan,ALLAN,,187 Lygon Street ,Carlton,VIC,3053,03 9347 2142,9347 0705,0418 186 104,Jonathan-04678@bendigotraders.org,
Make Your House A Home,Christopher,BLACKWELL,,,,,,03 5442 6093,,,Christopher-f21c7@bendigotraders.org,www.trevorandrew.com.au
PH Property,Ruth,LYALL,Director,82 Mitchell Street,Bendigo ,VIC,3550,03 5454 1999,5454 1998,0412 519 998,Ruth-a3cf9@bendigotraders.org,www.parbury.com.au
Innovative Learning Solutions,Jim,GIBLETT,,Po Box 48 ,Campbells Creek,VIC,3451,03 5472 1550,,0419 520 390,Jim-90d14@bendigotraders.org,www.idawfast.com
CVGT ,Kaye,SUTCLIFFE,Business Development Manager,118 Mundy Street,Bendigo,VIC,3550,03 5441 5177,5443 8549,0418 126 529,Kaye-4a49d@bendigotraders.org,www.floate.com.au
Plunkett Fowles,Merry,BAILEY,Sales Manager,Suite 7/118 Church Street,Hawthorn,VIC,3121,, +61 3 98152711,0448 962 711,Merry-1fdf1@bendigotraders.org,
Simonds Homes,Marjory,BROOKS,New Homes Advisor,Po Box 5022 ,Sandhurst East,VIC,3550,03 5443 3344,5442 9800,0414 488 508,Marjory-8f219@bendigotraders.org,www.swanhillonline.com
National Confectionery Wholesalers,Phillip,BARCLAY,Sales & Marketing Co-Ordinator,Suite 43/255 Drummond Street,Carlton,VIC,3053,03 9349 9800,9349 9899,0418 220 957,Phillip-85d3b@bendigotraders.org,
Doug Lougoon For Real Estate,Jeff,BROWNE,Estate Agent & Auctioneer,178 Wills Street,Bendigo ,VIC,3550,03 5445 5488,5445 5499,0418 510 025,Jeff-a802a@bendigotraders.org,
VEA,Janis,BOWLEY,It Manager,70A Mitchell Street,Bendigo ,VIC,3550,03 5448 2424 ,5441 8992,,Janis-1120a@bendigotraders.org,
Bendigo Bank,Robert,TERRY,Public Relations Officer,,,,,03 5485 7111,5485 7635,0407 882 474,Robert-aa748@bendigotraders.org,
Swan Hill Rural City Council,Jillian,MAPSON,Marketing Officer,Cnr McCreae & Curlewis Streets,Swan Hill,VIC,3585,03 5032 3033,5032 3032,0419 032 154,Jillian-c18ee@bendigotraders.org,www.commbank.com.au
Make Your House A Home,Vicki,BREEN,,,,,,03 5442 6093,,,Vicki-c0d23@bendigotraders.org,
Impress Publicity,Charlie,BURKE,,43 Nixon Street,Shepparton ,VIC,3630,03 5821 2651,5821 6174,0408 579 199,Charlie-c28fb@bendigotraders.org,
Southern Cross Office Equipment,Neil,QUINN,,4 Mitchell Street,Bendigo,VIC,3550,03 5441 6333,5442 6026,,Neil-41c3b@bendigotraders.org,
Jestset,Janet,BISHOP,,163 Little Collins Street ,Melbourne,VIC,3000,03 9654 2377,9654 3858 ,,Janet-0b119@bendigotraders.org,www.itben.com.au
People Potential Unlimited,Helena,BOWDEN,Managing Principal,Po Box 1317,Bendigo ,VIC,3552,,,0407 685 601,Helena-3d47a@bendigotraders.org,www.sanctuaryspa.com.au
Make Your House A Home,Paul,LEIGHTON,,,,,,03 5442 6093,,,Paul-d6367@bendigotraders.org,
Bendigo Senior Secondary College,Jillian,SIMCOCK,Principal,Po Box 545,Bendigo ,VIC,3552,03 5443 1222,5441 4548,0439 012 816,Jillian-f2ef9@bendigotraders.org,
Tin Shed Arts,Margaret,BAKER,Director,109 Mollison Street ,Malmsbury,VIC,3446,03 5423 2144,,,Margaret-48192@bendigotraders.org,www.icnvic.org.au
Telstra Country Wide,Janet,ARUNDEL,Business Solutions Manager,,,,,1800 630 052,8601 3198,,Janet-8a258@bendigotraders.org,
MFR Connections,Kevin,OATES,Doctor,,,,,03 5439 5633,,0407 441 523,Kevin-b3551@bendigotraders.org,
Sutton Grange Winery,Maggie,HARVEY,Cellar Door Manager,Winery: Carnochans Lane ,Sutton Grange,VIC,3448,03 5474 8277,5474 8294,0416 336 452,Maggie-47455@bendigotraders.org,www.cvgt.com.au
Bendigo Bank,Rebecca,SWINBOURN,Public Relations Officer,,,,,03 5485 7111,5485 7635,0407 882 474,Rebecca-28929@bendigotraders.org,www.peteranthony.com.au
Trevor Andrew Real Estate,Elias,BIGGS,Property Manager,145 Wills Street,Bendigo ,VIC,3550,03 5443 7088,5442 4440,0409 794 777,Elias-c5fb3@bendigotraders.org,
Rebecca Productions,Bettina,BECKETT,Exectuitve Producer,Po Box 409,Ashburton,VIC,3147,03 9889 9799,,0418 726 506,Bettina-7e0ad@bendigotraders.org,
Lisa Nankervis Photography & Design,Derek,McDONALD,Photographer & Designer,82 Dungey Avenue,Bendigo ,VIC,3550,03 5443 1258,,0409 977 694,Derek-b5b39@bendigotraders.org,www.homebuildingsystem.com.au
e+ architecture,Sheila,BROOKS,Araia Architect,Po Box 1124,Bendigo ,VIC,3552,03 5443 0055,5441 4981,,Sheila-7d13d@bendigotraders.org,www.aigroup.asn.au
Lift Truck Services,Eva,NEEDLE,,214 Midland Hwy,Epsom,VIC,3551,03 5448 8802,,0412 621 212,Eva-9b27a@bendigotraders.org,
CVGT ,Honoria,ARUNDEL,General Manager,187 Mundy Street,Bendigo,VIC,3550,03 5441 5177,5443 8549,0408 038 783,Honoria-6d36a@bendigotraders.org,www.telstra.com/countrywide
QDT,Murray,BALLACHEY,,130 Spring Gully Road,Bendigo,VIC,3550,03 5443 9605,03 5441 6902,0408 053 990,Murray-0fdc6@bendigotraders.org,
e+ architecture,Isabel,BURGESS,Araia Architect,Po Box 1124,Bendigo ,VIC,3552,03 5443 0055,5441 4981,,Isabel-cc43b@bendigotraders.org,www.shed7.com.au
Hickory Developments,Katie,MERIDITH,Development Manager,118 Cremorne Street,Richmonmd,VIC,3121,03 9429 7411,9428 7376,0412 800 091,Katie-52b2f@bendigotraders.org,
Direct Focus Consulting,Lucy,DEMPSEY,Director,GPO Box 5002Y ,Melbourne,VIC,3001,03 9639 4513,9639 7411,0418 136 840,Lucy-94065@bendigotraders.org,www.swanhillonline.com
DRP Architechts (Well Springs Day Spa),Kate,SHINNER,Senior Interior Designer,No1 York Place ,Prahran,VIC,3181,03 9521 3414,9521 3644,0414 503 344,Kate-83c3f@bendigotraders.org,www.reiv.com.au
Impress Publicity,Annabella,DEAN,,142 Nixon Street,Shepparton ,VIC,3630,03 5821 2651,5821 6174,0427 212 651,Annabella-900ba@bendigotraders.org,www.gtsinteractive.com
Spring Gully Primary School,Gillian,ANSTEY,Principal,Spring Gully Road,Bendigo ,VIC,3550,03 5443 7230,5441 5584,0448 422 171,Gillian-6aa13@bendigotraders.org,www.sgps.vic.edu.au
Bicknells Independent Sport,Martin,MAGUIRE,,91 Williamson Street,Bendigo ,VIC,3550,03 5443 4299,5442 2845,,Martin-d50b2@bendigotraders.org,www.itben.com.au
Blue Illusion Bendigo,Susanna,DENHAM,Marketing Manager,217 Williamson Street ,Bendigo ,VIC,3550,03 5441 5415,,,Susanna-13297@bendigotraders.org,
Commonwealth Bank,Dale,DING,Relationship Executive,82 King Street,Bendigo ,VIC,3550,03 5440 2669,5440 2659,0429 144 628,Dale-8d6b6@bendigotraders.org,
Delfin Realty,Penelope,BAXTER,Sales Consultant,88-8 Lake Street ,Caroline Springs,VIC,3023,03 9361 6228,9360 5021,0410 415 423,Penelope-8e516@bendigotraders.org,www.greatershepparton.com.au
TADVIC,Marc,HAYTON,Chief Exectutive Officer,136 Yarra Boulevard,Kew,VIC,3101,03 9853 8655,9853 8098,,Marc-ca7cf@bendigotraders.org,
The Petal Factory,Polly,AUSTIN,,28 Bridge Street,Bendigo ,VIC,3550,03 5443 5519,5442 3648,,Polly-a2163@bendigotraders.org,www.simonds.com.au
TKO Business Modeller,Heather,MOUNTAIN,TKO Developer / Founder,226 Mitchell Street,Bendigo,VIC,3550,1300 131 822,5441 1201,0419 337 287,Heather-e1df7@bendigotraders.org,www.delfinrealty.com.au
Impress Publicity,Lucy,BRUCE,,139 Nixon Street,Shepparton ,VIC,3630,03 5821 2651,5821 6174,0400 644 637,Lucy-34f53@bendigotraders.org,www.cebendigo.com.au
OPSM,Graham,BRUCE,,Bendigo Market Place,Bendigo ,VIC,3550,03 5443 4662,5441 6209,,Graham-338f9@bendigotraders.org,
Dunkeld Pastoral,Alexander,FREW,Operations Manager,Po Box 50 ,Dunkeld,VIC,3294,03 5577 2644,5577 2622,,Alexander-e9e69@bendigotraders.org,
Good One,Shirley,DaSILVA,Director/Graphic Designer,Po Box 93,Bendigo ,VIC,3550,03 5443 3434,5443 3474,0417 166 297,Shirley-0bb2f@bendigotraders.org,
Telstra Shop,Belinda,BAILEY,Business Sales Consultant,Level 13/35 Collins Street ,Melbourne,VIC,3000,03 9638 4419,8601 3192,0427 906 936,Belinda-7373c@bendigotraders.org,www.digitalw.com.au
Direct Focus Consulting,Tracey,ANDREWS,Director,GPO Box 5002Y ,Melbourne,VIC,3001,03 9639 4513,9639 7411,0418 136 840,Tracey-64688@bendigotraders.org,www.cebendigo.com.au
Bendigo IT,Tony,BLACK,General Manager,Po Box 130,Bendigo ,VIC,3552,03 5444 9500,5443 2847,,Tony-19f45@bendigotraders.org,
Bendigo Community Telco,Sam,BISHOP,Sales & Marketing Manager,Po Box 1062,Bendigo,VIC,3550,03 5454 5039,5454 1539,0428 366 789,Sam-896d3@bendigotraders.org,www.goodone.com.au
Kids Town,Christopher,AH SING,Playground Coordinator,Locked Bag 1000,Shepparton ,VIC,3632,03 5831 4213,5821 2172,0407 042 438,Christopher-373ca@bendigotraders.org,
GTS Interactive,Timothy,MACK,,Po Box 6298,St.Kilda Road Central,VIC,8008,,,0419 232 565,Timothy-f9a4b@bendigotraders.org,www.swanhillonline.com
Shire Of Campaspe,Allan,PARKER,Exectutive Officer,Po Box 35 ,Echuca,VIC,3564,03 5481 2203 ,5481 2293,,Allan-57427@bendigotraders.org,
PH Property,Sheila,PETTY,Director,97 Mitchell Street,Bendigo ,VIC,3550,03 5454 1999,5454 1998,0417 537 251,Sheila-c1191@bendigotraders.org,www.tick-it.com.au
Impress Publicity,Yvette,BARRETT,,70 Nixon Street,Shepparton ,VIC,3630,03 5821 2651,5821 6174,0400 644 637,Yvette-43fa9@bendigotraders.org,
Bendigo Cinema,Karen,SOUNNESS,Cinema Advertising,127 Queen Street,Bendigo ,VIC,3550,03 5442 5346 or 5442 1666,5442 9079,,Karen-dbd4c@bendigotraders.org,www.pallitivecareloddonmallee.org
Floate Design Partners,Hayley,HILLIER,,Level 1 351-353 Elizabeth Street,Melbourne,VIC,3000,03 9606 0866,9670 8216,0418 592 158,Hayley-20333@bendigotraders.org,www.sanctuaryspa.com.au
Bloom n Gifts,Warren,HUXTABLE,Owners,16 High Street,Golden Square,VIC,3555,03 5442 2112,5442 2326,,Warren-55edc@bendigotraders.org,
MEGT,Susan,MADDERN,Industry Employment Consultant,220st Floor 386 Hargreaves Street ,Bendigo ,VIC,3550,03 5442 8862,5443 8379,0427 236 895,Susan-16215@bendigotraders.org,www.eplusarchitecture.com.au
Fresh 2 U ,Alan,GADENNE,,Market Box 12 542 Footscray Rd,West Melbourne,VIC,3003,03 9687 9322,9689 6116,0416 275 634,Alan-95297@bendigotraders.org,www.peteranthony.com.au
National Confectionery Wholesalers,Rodney,STOCKDALE,General Manager,Suite 43/255 Drummond Street,Carlton,VIC,3053,03 9349 9800,9349 9899,0418 575 432,Rodney-b8f75@bendigotraders.org,
Plunkett Fowles,Sue,FRASER,Sales Manager,Suite 7/118 Church Street,Hawthorn,VIC,3121,, +61 3 98152711,0448 962 711,Sue-388f9@bendigotraders.org,
Good One,Doug,BROAD,Director/Graphic Designer,Po Box 93,Bendigo ,VIC,3550,03 5443 3434,5443 3474,0417 166 297,Doug-5adba@bendigotraders.org,
Universita Bar & Risotrante,Martin,BUCHHOLDT,,46 Lygon Street ,Carlton,VIC,3053,03 9347 2142,9347 0705,0418 186 104,Martin-cf54b@bendigotraders.org,www.delfinrealty.com.au
ESE Consulting,Hazel,TISCHLER,Senior Consultant,118 Hopetoun Street,Bendigo ,VIC,3550,03 5442 6676,5442 6636,0411 987 704,Hazel-0c8e0@bendigotraders.org,
People Potential Unlimited,Janice,ALLAN,Managing Principal,Po Box 1317,Bendigo ,VIC,3552,,,0407 685 601,Janice-90cab@bendigotraders.org,www.happylanding.com.au
Evans Shoes,Marianne,ROBIN,Manager,46-33 Williamson Street,Bendigo ,VIC,3550,03 5443 8128,5441 3573,,Marianne-7fb9f@bendigotraders.org,
View Street Café,Sara,BECKETT,,"Shop 4, 47-55 View Street",Bendigo ,VIC,3550,03 5442 4095,,,Sara-f71cf@bendigotraders.org,www.remingtondirect.com.au
TheFriars Café & Wine Bar,Christine,CRAINE,,37 Fryers Street,Shepparton ,VIC,3630,03 5822 2181,5831 7731,,Christine-b5229@bendigotraders.org,www.sgps.vic.edu.au
e+ architecture,Steven,FOGARTY,Araia Architect,Po Box 1124,Bendigo ,VIC,3552,03 5443 0055,5441 4981,,Steven-2e108@bendigotraders.org,
Digital Warehouse,Julia,TRAMOUNDANAS,System Administrator,"Shop 3, 16 Creek Street North",Bendigo ,VIC,3550,03 5441 6390,5441 4134,0419 108 803,Julia-4c01b@bendigotraders.org,www.pwc.com/au
Wet Technologies,Cynthia,MARPER,National Sales Manager,208 Karinie Street,Swan Hill,VIC,3585,03 5033 1566,5033 1213,0400 580 431,Cynthia-da807@bendigotraders.org,www.idealloans.com.au
Spring Gully Primary School,Jessica,EVANS,Principal,Spring Gully Road,Bendigo ,VIC,3550,03 5443 7230,5441 5584,0448 422 171,Jessica-911cd@bendigotraders.org,www.grantready.com.au
Tick It Pacific Tours,Susannah,CAMERON,,109 Little Collins Street ,Melbourne,VIC,3000,03 9654 6155,9654 3858,,Susannah-a8354@bendigotraders.org,
The Epicurean,Gillian,CALDER,,31 Mitchell Street,Bendigo ,VIC,3550,03 5443 2699,,,Gillian-2e823@bendigotraders.org,
SCT Logistics,Sylvia,BOYLE,,223 Westlink Court,Altona,VIC,3018,03 9931 5333,9369 9747,0437 129 078,Sylvia-3c90b@bendigotraders.org,www.parbury.com.au
Lift Truck Services,Keith,McDOWALL,,34 Midland Hwy,Epsom,VIC,3551,03 5448 8802,,0412 621 212,Keith-958d1@bendigotraders.org,http://www.thrive-imagine.com
Bendigo Copy Centre,Carolyn,COSTIGAN,,Alans Walk,Bendigo ,VIC,3550,03 5442 4788,5441 7948,,Carolyn-7bbfa@bendigotraders.org,www.glenvill.com.au
SCT Logistics,Alexander,FRY,,178 Westlink Court,Altona,VIC,3018,03 9931 5333,9369 9747,0437 129 078,Alexander-5c785@bendigotraders.org,www.icnvic.org.au
Trevor Andrew Real Estate,Steve,BACK,Property Manager,127 Wills Street,Bendigo ,VIC,3550,03 5443 7088,5442 4440,0409 794 777,Steve-64d8c@bendigotraders.org,www.tick-it.com.au
Parbury,Janet,BONSER,Designer Rep,61 International Court,Scoresby,VIC,3179,03 9765 5222,9753 4080,0434 184 756,Janet-df7eb@bendigotraders.org,www.clivepeters.com.au
Hudsons Coffee,Jean,BONSER,Marketing Manager,Po Box 12477 A'Beckett Street,Melbourne,VIC,8006,03 9631 0207,9654 2431,,Jean-717ac@bendigotraders.org,www.cvgt.com.au
Happy Landing Marketing & Events,Rena,McGUINESS,Director,Po Box 68,Bendigo Central,VIC,3552,,,0419 114 573,Rena-120c9@bendigotraders.org,
Vivadas,Jim,NANKIVILLE,Account Director,97 High Street,Prahran,VIC,3181,03 9529 3533,9529 7823,0417 033 118,Jim-e27af@bendigotraders.org,www.cvgt.com.au
California Gully Primary School,Margaret,ELLERY,Principal,Staley Street,California Gully,VIC,3556,03 5446 8393,5446 3115,0429 963 406,Margaret-4976d@bendigotraders.org,www.anz.com
Australian Receivables Limited,Carolyn,McGRATH,Business Development Executive,Shop 4 Woodbury Court McIvor Road,Bendigo,VIC,3550,03 5441 3033,5480 1660,0488 311 983,Carolyn-42fbd@bendigotraders.org,
Delfin Realty - Edgewater,Owen,ROBINSON,Branch Manager,199-48 Edgewater Blvd,Maribyrnong,VIC,3032,03 8318 0203,9318 4685,0413 131 134,Owen-3a741@bendigotraders.org,
Impress Publicity,George,BAIL,,22 Nixon Street,Shepparton ,VIC,3630,03 5821 2651,5821 6174,0427 212 651,George-160e4@bendigotraders.org,www.growdata.com.au
Tyndall Accounting,Jennie,DOWIE,Director,76 Pall Mall,Bendigo ,VIC,3550,03 5442 7126,5442 9073,,Jennie-7c5fa@bendigotraders.org,www.glenvill.com.au
MEGT,Phoebe,BLACKMAN,Industry Employment Consultant,178st Floor 386 Hargreaves Street ,Bendigo ,VIC,3550,03 5442 8862,5443 8379,0427 236 895,Phoebe-8359c@bendigotraders.org,www.tadvic.asn.au
Australian Receivables Limited,Charlie,FRANCISCO,Business Development Executive,Shop 4 Woodbury Court McIvor Road,Bendigo,VIC,3550,03 5441 3033,5480 1660,0488 311 983,Charlie-c29ab@bendigotraders.org,
Delfin Realty - Edgewater,Donald,HERBERT,Branch Manager,157-48 Edgewater Blvd,Maribyrnong,VIC,3032,03 8318 0203,9318 4685,0413 131 134,Donald-65a53@bendigotraders.org,
Bendigo Spirit,Dawn,BOND,General Manager,Po Box 282,Eaglehawk,VIC,3556,03 5446 1595,5446 1595,0403 621 784,Dawn-e7f9f@bendigotraders.org,
Simonds Homes,Joshua,DEMASON,New Homes Advisor,Po Box 5022 ,Sandhurst East,VIC,3550,03 5443 3344,5442 9800,0414 488 508,Joshua-9cfd6@bendigotraders.org,
Victoria Finance,Mary,EARLE,General Manager,"Level One , 100 Dorcas Street",Melbourne,VIC,3004,1300 842 346,1300 842 329,0427 822 944,Mary-101d8@bendigotraders.org,www.thebridgebendigo.com.au
National Confectionery Wholesalers,Hayley,CORNISH,Sales & Marketing Co-Ordinator,Suite 43/255 Drummond Street,Carlton,VIC,3053,03 9349 9800,9349 9899,0418 220 957,Hayley-b10cc@bendigotraders.org,www.domainliving.com.au
Office 3564 Café & Wine Bar,Karl,BAKER,,163 Hare Street ,Echuca,VIC,3564,03 5482 3564,5480 0577,,Karl-48468@bendigotraders.org,www.macxarthyhomes.biz
The Bridge,Sheila,BAKER,Owner,175 Bridge Street,Bendigo ,VIC,3550,03 5443 7811,5442 7714,0438 232 467,Sheila-3e9ba@bendigotraders.org,www.anz.com
Ie Design,Marjory,BARTON,,,,,,,,0408 662 717,Marjory-1eb7d@bendigotraders.org,
Confucius Institute - University Of Melbourne,Tim,BURKE,Manager,7 Bouverie Street,Carlton,VIC,3053,03 9347 8462,9348 1067,,Tim-03e17@bendigotraders.org,
Bendigo Senior Secondary College,Phoebe,BAGSHAW,Principal,Po Box 545,Bendigo ,VIC,3552,03 5443 1222,5441 4548,0439 012 816,Phoebe-0c6c3@bendigotraders.org,
Impress Publicity,Alexander,BAIRD,,25 Nixon Street,Shepparton ,VIC,3630,03 5821 2651,5821 6174,0408 579 199,Alexander-347e7@bendigotraders.org,www.hildebrand.com.au
Artlive Media,Colin,DACOMB,Director,,,,,03 8647 2437,9650 8076,0400 157 988,Colin-ee1bd@bendigotraders.org,
ANZ,Jill,MacAULAY,Branch Manager,"Shop 20 , CS Square, 13/19 Lake Street",Caroline Springs,VIC,3023,03 8361 9060,9363 5014,,Jill-f1afb@bendigotraders.org,www.cvgt.com.au
Radiation Oncology Victoria,Suzie,POWER,Chief Exectutive Officer,Head Office: 132 Grey Street,East Melbourne,VIC,3002,03 9418 2200,9418 2288,0417 887 791,Suzie-16173@bendigotraders.org,
Tyndall Accounting,Suzanne,CARVELL,Director,154 Pall Mall,Bendigo ,VIC,3550,03 5442 7126,5442 9073,,Suzanne-7b4fa@bendigotraders.org,
Domain Living,Greta,BROWN,,52-138 High Street ,Bendigo ,VIC,3550,03 5443 3000,5441 3220,,Greta-fa131@bendigotraders.org,
Direct Focus Consulting,Michael,FORREST,Director,GPO Box 5002Y ,Melbourne,VIC,3001,03 9639 4513,9639 7411,0418 136 840,Michael-15607@bendigotraders.org,
ANZ,Teresa,BULPIN,Branch Manager,175 Evans Street ,Sunbury,VIC,3429,03 9140 5471,9740 9542,0409 182 497,Teresa-2bac2@bendigotraders.org,www.bendigomcivormotorinn.com.au
Financial Index Australia,Alexander,BAKER,Representative,142 Hargreaves Street,Bendigo,VIC,3550,03 5441 3255,5441 3452,0438 783 836,Alexander-f1dda@bendigotraders.org,www.ausindustry.gov.au
Glenvill,Lewis,ELPHINSTONE,CEO,97 Malvern Road,Prahran,VIC,3181,03 9529 1111,9529 1311,0412 314 497,Lewis-55fa3@bendigotraders.org,www.goodone.com.au
Delfin Realty - Edgewater,Alison,BACKCOLLER,Branch Manager,190-48 Edgewater Blvd,Maribyrnong,VIC,3032,03 8318 0203,9318 4685,0413 131 134,Alison-bcea7@bendigotraders.org,www.ljhooker.com
QDT,Kerrylyn,BAKER,,142 Spring Gully Road,Bendigo,VIC,3550,03 5443 9605,03 5441 6902,0408 053 990,Kerrylyn-6e063@bendigotraders.org,www.bendigotelco.com.au
Spring Gully Primary School,Samantha,EDWARDS,Principal,Spring Gully Road,Bendigo ,VIC,3550,03 5443 7230,5441 5584,0448 422 171,Samantha-08408@bendigotraders.org,www.cvgt.com.au
Calder Regional Waste Management ,Susan,OCHTMAN,Executive Officer,Po Box 303 ,Woodend,VIC,3442,03 5427 3479,,0438 771 757,Susan-49e6a@bendigotraders.org,www.evansshoes.com.au
Kids Town,Judy,SYMES,Playground Coordinator,Locked Bag 1000,Shepparton ,VIC,3632,03 5831 4213,5821 2172,0407 042 438,Judy-bfb14@bendigotraders.org,
TADVIC,Lizzie,HARDING,Chief Exectutive Officer,199 Yarra Boulevard,Kew,VIC,3101,03 9853 8655,9853 8098,,Lizzie-e7892@bendigotraders.org,www.commbank.com.au
I Do  I Do Creations,Elisa,GLADWELL,"Events, Advertising, Marketing Director ",Po Box 2573,Bendigo ,VIC,3554,03 5444 2797,,0439 205 406,Elisa-f58d2@bendigotraders.org,www.kidstown.org.au
Loddon Mallee Housing Services,Carrie,GALL,Transitional Housing Worker,118-30 View Street,Bendigo ,VIC,3550,03 5444 9005, ,0409 852 293,Carrie-b3758@bendigotraders.org,
Shed 7 Hair For Men,Catherine,ABBETT,,214 View Street,Bendigo ,VIC,3550,03 5441 4277,,,Catherine-d68dd@bendigotraders.org,www.cvgt.com.au
CVGT ,Queenie,KINGS,Project Manager,190 Mundy Street,Bendigo,VIC,3550,03 5441 5177,5441 7439,0400 090 630 ,Queenie-1fb9d@bendigotraders.org,www.yesonline.com.au
Comfort Inn Julie-Anna,William,EDDY,,100 Napier Street,Bendigo ,VIC,3550,03 5442 5855,5441 6032,,William-c2e8b@bendigotraders.org,
Silk Day Spa,Ruth,ARUNDEL,Owner,160-58 McIvor Road,Bendigo ,VIC,3550,03 5444 5554,03 5444 5552,0488 137 692,Ruth-894d9@bendigotraders.org,
CVGT ,Beatrice,SCANLAN,General Manager,Jackson Street,Long Gully,VIC,3550,03 5449 2000,5441 1212,0417 357 663,Beatrice-e1fe0@bendigotraders.org,www.tick-it.com.au
OPSM Bendigo,William,KIDD,Optometrist & Contact Lense Specialist,Bendigo Market Place,Bendigo ,VIC,3550,03 5443 4662,5441 6209,,William-e259f@bendigotraders.org,www.iedesign.com.au
Bendigo Trainging Academy,Joan,FLEMING,,214 High Street ,Bendigo ,VIC,3550,03 5444 1876,5441 6727,0409 947 129,Joan-4061d@bendigotraders.org,
Price Waterhouse Coopers,Kylie,ADAMS,Partner,Freshwater Place 2 Shouthbank blvd,Southbank,VIC,3006,03 8603 6461,8613 2893,0419 594 041,Kylie-b6b5c@bendigotraders.org,www.kidstown.org.au
Calder Regional Waste Management ,Carolyn,SNOW,Executive Officer,Po Box 303 ,Woodend,VIC,3442,03 5427 3479,,0438 771 757,Carolyn-c3bdb@bendigotraders.org,
Comfort Inn Julie-Anna,Sarah,RICHARDSON,,43 Napier Street,Bendigo ,VIC,3550,03 5442 5855,5441 6032,,Sarah-558b9@bendigotraders.org,
PH Property,Gigi,BROWNE,Director,139 Mitchell Street,Bendigo ,VIC,3550,03 5454 1999,5454 1998,0412 519 998,Gigi-47bd2@bendigotraders.org,
Direct Focus Consulting,Tom,BARLOW,Director,GPO Box 5002Y ,Melbourne,VIC,3001,03 9639 4513,9639 7411,0418 136 840,Tom-f8d3e@bendigotraders.org,
Delfin Realty,Colin,NORTH,Sales Consultant,67-8 Lake Street ,Caroline Springs,VIC,3023,03 9361 6228,9360 5021,0410 415 423,Colin-d9ed5@bendigotraders.org,www.epicureandeli.com.au
Bendigo Community Telco,Casey,BAIRD,Technical Manager,Po Box 1062,Bendigo,VIC,3552,03 5454 5009,5454 1509,0428 366 123,Casey-e3c5b@bendigotraders.org,www.icnvic.org.au
ANZ,Alexandra,BARR,Branch Manager,"Shop 20 , CS Square, 13/19 Lake Street",Caroline Springs,VIC,3023,03 8361 9060,9363 5014,,Alexandra-e8ef6@bendigotraders.org,www.tick-it.com.au
Artlive Media,Tracey,WALLACE,Director,,,,,03 8647 2437,9650 8076,0400 157 988,Tracey-af5a9@bendigotraders.org,
City of Greater Bendigo,Shirley,STAINTHORPE,Industry/Business Development Officer,130 Lyttleton Terrace,Bendigo ,VIC,3552,03 5434 6197,5434 6267,0419 162 003,Shirley-2e4b4@bendigotraders.org,
People Potential Unlimited,Kevin,Cannon ,Managing Principal,Po Box 1317,Bendigo ,VIC,3552,,,0407 685 601,Kevin-66803@bendigotraders.org,www.pwc.com/au
Kids Town,Kay,GENTLE,Playground Coordinator,Locked Bag 1000,Shepparton ,VIC,3632,03 5831 4213,5821 2172,0407 042 438,Kay-4c5d0@bendigotraders.org,www.advancelandscapeandleisure.com.au
TADVIC,Meryl,GUTHRIE,Chief Exectutive Officer,22 Yarra Boulevard,Kew,VIC,3101,03 9853 8655,9853 8098,,Meryl-a85f3@bendigotraders.org,www.hudsonscoffee.com.au
Blue Illusion Bendigo,Mark,ADAMS,Marketing Manager,217 Williamson Street ,Bendigo ,VIC,3550,03 5441 5415,,,Mark-57689@bendigotraders.org,www.fresh2u.com.au
Remington Direct,Christine,PEMBER,Managing Director,184 Mair Street ,Ballarat,VIC,3350,03 5332 9077,5332 1933,0408 147 950,Christine-ed833@bendigotraders.org,
Bloom n Gifts,Conrad,EGGLESTON,Owners,67 High Street,Golden Square,VIC,3555,03 5442 2112,5442 2326,,Conrad-f3401@bendigotraders.org,www.ncw.com.au
Hogan's Accountants & Advisors,Keith,AITKEN,,190 St.Georges Road,North Fitzroy,VIC,3068,03 9481 7473,9482 4141,0413 584 700,Keith-856ef@bendigotraders.org,
Ezy Systems,Robert,PTOLOMEY,Director,19a Hopetoun Street,Bendigo ,VIC,3550,03 5441 2044,5442 3132,0417 334 206,Robert-23fa4@bendigotraders.org,
Impress Publicity,Katie,BROWNE,,214 Nixon Street,Shepparton ,VIC,3630,03 5821 2651,5821 6174,0400 644 637,Katie-0f34e@bendigotraders.org,www.eseconsulting.com.au
Confucius Institute - University Of Melbourne,Joyce,BAKER,Manager,145 Bouverie Street,Carlton,VIC,3053,03 9347 8462,9348 1067,,Joyce-18f66@bendigotraders.org,www.fightingspirit.com.au
Bendigo Bank,Jean,BAGSHAW,Business Banking Officer,85 Hargreaves Street,Bendigo,VIC,3550,03 5433 9090,5433 9588,0413 124 629,Jean-846e3@bendigotraders.org,www.vea.com.au
Bendigo Cinema,Helen,BARNARD,Cinema Advertising,121 Queen Street,Bendigo ,VIC,3550,03 5442 5346 or 5442 1666,5442 9079,,Helen-4d6da@bendigotraders.org,www.pallitivecareloddonmallee.org
e+ architecture,Isabel,PIGGOTT,Araia Architect,Po Box 1124,Bendigo ,VIC,3552,03 5443 0055,5441 4981,0408 129 440,Isabel-7f6d5@bendigotraders.org,
Forrest Computing,Susan,PETERSON,Workshop Manager,Midland Hwy,Epsom,VIC,,03 5448 4934,5448 4938,0418 507 959,Susan-6955e@bendigotraders.org,www.bensonsproperty.com.au
Central - Vic.Ag,Simon,BOND,,Po Box 110 ,Bridgewater,VIC,3516,,5442 8089,0427 328 534,Simon-b2102@bendigotraders.org,www.idoidocreations.com.au
e+ architecture,Ben,GOLDWYER,Araia Architect,Po Box 1124,Bendigo ,VIC,3552,03 5443 0055,5441 4981,,Ben-8a5d9@bendigotraders.org,www.silkdayspa.com.au
Commonwealth Bank,Maggie,HEADLAND,Relationship Executive,190 King Street,Bendigo ,VIC,3550,03 5440 2669,5440 2659,0429 144 628,Maggie-a1491@bendigotraders.org,
Bendigo Community Telco,Phillip,STOUT,Technical Manager,Po Box 1062,Bendigo,VIC,3552,03 5454 5009,5454 1509,0428 366 123,Phillip-8d89e@bendigotraders.org,www.bendigotelco.com.au
Bensons Property Group,Joanne,BALLACHEY,Senior Development Manager,Level 1 461 Bourke Street,Melbourne,VIC,3000,+613 8602 0800,+613 8602 0888,0400 230 744,Joanne-c13c0@bendigotraders.org,www.bssc.edu.au
Grow Data,Don,OVERHEU,Director,Box 6624,Shepparton ,VIC,3632,03 5831 1711,,0409 121 146,Don-8df95@bendigotraders.org,
Bendigo Community Telco,Miles,BLAKE,Chief Exectutive Officer,40 McLaren Street ,Bendigo ,VIC,3550,03 5454 5000,5454 1554,0400 545 000,Miles-af7bb@bendigotraders.org,www.bendigoit.com.au
Tourism -Shepparton Council,Murray,BECKETT,Manager ,Locked Bag 1000,Shepparton ,VIC,3632,03 5832 9849,5831 1987,0400 650 817,Murray-c5485@bendigotraders.org,www.birchrove.net.au
DRP Architechts (Well Springs Day Spa),Katrina,SPANSWICK,Senior Interior Designer,No1 York Place ,Prahran,VIC,3181,03 9521 3414,9521 3644,0414 503 344,Katrina-f7d93@bendigotraders.org,www.thematch.com.au
e+ architecture,Bruce,JERRATT,Araia Architect,Po Box 1124,Bendigo ,VIC,3552,03 5443 0055,5441 4981,,Bruce-76b6f@bendigotraders.org,www.delfinrealty.com.au
Bendigo Bank,Frank,PEDERSEN,Public Relations Officer,,,,,03 5485 7111,5485 7635,0407 882 474,Frank-fb8ae@bendigotraders.org,www.bloomngifts.com.au
SITA Environmental Solutions,Susie,BAKER,Branch Manager,100-19 Stonepark Road,Ballarat,VIC,3350,03 5336 2733,5336 2871,0412 553 229 ,Susie-c3d20@bendigotraders.org,
Ideal Loans,Jessica,BLACK,MIAA Member,Suite A 40 Strickland Road ,Bendigo ,VIC,3550,,5444 0798,0408 601 640,Jessica-22cb9@bendigotraders.org,
Glenvill,Jackie,TOMNEY,CEO,85 Malvern Road,Prahran,VIC,3181,03 9529 1111,9529 1311,0412 314 497,Jackie-2db55@bendigotraders.org,www.australianreceivables.com.au
Evans Shoes,Jack,BRUCE,Manager,226-33 Williamson Street,Bendigo ,VIC,3550,03 5443 8128,5441 3573,,Jack-fd440@bendigotraders.org,
Stephen Malone Pahotography,Arthur,M,Owner,61 Marks Street,Bendigo ,VIC,3550,03 5441 3812,,0417 036 369,Arthur-8b249@bendigotraders.org,
CVGT ,Naomi,ANDREWS,Project Manager,175 Mundy Street,Bendigo,VIC,3550,03 5441 5177,5441 7439,0400 090 630 ,Naomi-d34ec@bendigotraders.org,www.bendigotelco.com.au
Calder Regional Waste Management ,Shirley,MACDONALD,Executive Officer,Po Box 303 ,Woodend,VIC,3442,03 5427 3479,,0438 771 757,Shirley-a917d@bendigotraders.org,www.thooft.com.au
Simonds Homes,Patrick,BENNETTS,Regional Manager,Po Box 5022,Sandhurst East,VIC,3550,03 5445 1506,5442 9800,0400 794 212,Patrick-9664b@bendigotraders.org,
TADVIC,Maggie,BINGHAM,Chief Exectutive Officer,61 Yarra Boulevard,Kew,VIC,3101,03 9853 8655,9853 8098,,Maggie-4909f@bendigotraders.org,www.cafeaulait.com.au
Industry Capability Network,Kaye,McGUIRE,Regional Manager,49 Edwards Street,Bendigo ,VIC,3550,03 5441 8611,5442 5452,0407 182 952,Kaye-ca429@bendigotraders.org,www.grantready.com.au
View Street Café,Eve,HUNTER,,"Shop 4, 47-55 View Street",Bendigo ,VIC,3550,03 5442 4095,,,Eve-44b44@bendigotraders.org,www.sctlogistics.com.au
MFR Connections,George,HAWKER,Doctor,,,,,03 5439 5633,,0407 441 523,George-1aca7@bendigotraders.org,www.aigroup.asn.au
Bendigo Community Telco,Elizabeth,BLACK,Sales Manager,Po Box 1062,Bendigo ,VIC,3552,03 5454 5010,5454 1510,0428 366 005,Elizabeth-c0407@bendigotraders.org,www.clivepeters.com.au
The Petal Factory,Marianne,ANDERSON,,55 Bridge Street,Bendigo ,VIC,3550,03 5443 5519,5442 3648,,Marianne-ceac3@bendigotraders.org,www.aigroup.asn.au
Commonwealth Bank,Samuel,WHISKIN,Relationship Executive,7 King Street,Bendigo ,VIC,3550,03 5440 2669,5440 2659,0429 144 628,Samuel-68557@bendigotraders.org,www.happylanding.com.au
Café Au Lait,Matthias,BLACKMAN,,136 Mitchell Street,Bendigo ,VIC,3550,03 5443 5126 or 5443 9956,5442 9122,,Matthias-21978@bendigotraders.org,www.happylanding.com.au
Swan Hill Rural City Council,Bob,GIBBS,Marketing Officer,Cnr McCreae & Curlewis Streets,Swan Hill,VIC,3585,03 5032 3033,5032 3032,0419 032 154,Bob-ed89a@bendigotraders.org,
Hildebrand Australia,Stewart,BENNETT,Managing Director,,,,,,,0412 462 865,Stewart-23973@bendigotraders.org,www.itben.com.au
Bendigo Community Telco,Keith,DONOVAN,Chief Exectutive Officer,40 McLaren Street ,Bendigo ,VIC,3550,03 5454 5000,5454 1554,0400 545 000,Keith-c48ff@bendigotraders.org,www.ljhooker.com
Bendigo Trainging Academy,Christopher,AUSTIN,,169 High Street ,Bendigo ,VIC,3550,03 5444 1876,5441 6727,0409 947 129,Christopher-04302@bendigotraders.org,www.confuciusinstitute.unimelb.edu.au
Silk Day Spa,Timothy,MULCLEARY,Owner,34-58 McIvor Road,Bendigo ,VIC,3550,03 5444 5554,03 5444 5552,0488 137 692,Timothy-d3ff7@bendigotraders.org,www.trevorandrew.com.au
Xerox Business Centre,Christine,GRANT,,,,,,03 5441 5100,5443 5053,0448 010 587,Christine-d1290@bendigotraders.org,www.homebuildingsystem.com.au
Commonwealth Bank,Don,BECHWITH,Relationship Manager,43 King Street,Bendigo ,VIC,3550,03 5440 2663,5440 2659,,Don-7deaf@bendigotraders.org,
Bendigo Bank,Sam,O,Public Relations Officer,,,,,03 5485 7111,5485 7635,0407 882 474,Sam-1429d@bendigotraders.org,
Economic Development Department Shepparton Council,Benjamin,SOUNNESS,Manager ,Locked Bag 1000,Shepparton ,VIC,3632,03 5832 9846,5831 1987,0417 337 623,Benjamin-ac139@bendigotraders.org,www.kidstown.org.au
Bendigo Community Telco,Judith,DRAGE,Chief Exectutive Officer,175 McLaren Street ,Bendigo ,VIC,3550,03 5454 5000,5454 1554,0400 545 000,Judith-3fff8@bendigotraders.org,www.idawfast.com
e+ architecture,Annette,ANDREWS,Araia Architect,Po Box 1124,Bendigo ,VIC,3552,03 5443 0055,5441 4981,,Annette-85661@bendigotraders.org,www.vea.com.au
L.J Hooker,Corinna,Hull ,Sales Consultant,40 High Street,Kyneton,VIC,3444,03 5422 2127,5422 1804,0408 571 485,Corinna-650be@bendigotraders.org,www.idawfast.com
Wellsprings Day Spa,David,DIMOND,Managing Director,217 Welsford Street,Shepparton ,VIC,3630,03 5831 4606,5831 46957,,David-16d88@bendigotraders.org,www.silkdayspa.com.au
Mortgage Explorers,Jimmy,BLACKMAN,,121 Napier Street,Essendon,VIC,3040,03 9375 1009,9370 5290,0417 314 989,Jimmy-92a55@bendigotraders.org,
Stephen Malone Pahotography,William,KURJATA,Owner,193 Marks Street,Bendigo ,VIC,3550,03 5441 3812,,0417 036 369,William-c123d@bendigotraders.org,www.homebuildingsystem.com.au
e+ architecture,Madeline,ANDREWS,Araia Architect,Po Box 1124,Bendigo ,VIC,3552,03 5443 0055,5441 4981,0408 129 440,Madeline-bff74@bendigotraders.org,www.idealloans.com.au
Industry Capability Network,Nicola,BISHOP,Regional Manager,211 Edwards Street,Bendigo ,VIC,3550,03 5441 8611,5442 5452,0407 182 952,Nicola-1bfa0@bendigotraders.org,www.victoriafinance.com.au
National Confectionery Wholesalers,Zoe,D,Sales & Marketing Co-Ordinator,Suite 43/255 Drummond Street,Carlton,VIC,3053,03 9349 9800,9349 9899,0418 220 957,Zoe-e900a@bendigotraders.org,www.happylanding.com.au
Economic Development Unit - Bendigo Council,Marie,BUCKLEY,Project Officer,217 Lyttleton Terrace,Bendigo,VIC,3552,03 5434 6236,5434 6205,,Marie-89558@bendigotraders.org,www.thebridgebendigo.com.au
MEGT,Greville,WHIFFEN,Industry Employment Consultant,1st Floor 386 Hargreaves Street ,Bendigo ,VIC,3550,03 5442 8862,5443 8379,0427 236 895,Greville-da493@bendigotraders.org,
OPSM Bendigo,Cathleen,PICKETT,Optometrist & Contact Lense Specialist,Bendigo Market Place,Bendigo ,VIC,3550,03 5443 4662,5441 6209,,Cathleen-57df9@bendigotraders.org,www.floate.com.au
Hudsons Coffee,David,BARTHOLOMEW,Marketing Manager,Po Box 12477 A'Beckett Street,Melbourne,VIC,8006,03 9631 0207,9654 2431,,David-094ec@bendigotraders.org,
Tourism -Shepparton Council,Ursula,CHAMBERS,Manager ,Locked Bag 1000,Shepparton ,VIC,3632,03 5832 9849,5831 1987,0400 650 817,Ursula-efefa@bendigotraders.org,www.floate.com.au
Telstra Country Wide,Tim,TWOMEY,Business Solutions Manager,,,,,1800 630 052,8601 3198,,Tim-86dd5@bendigotraders.org,www.cvgt.com.au
Bendigo Health,Carolyn,BOLT,Project Officer,Po Box 126,Bendigo ,VIC,3552,03 5454 6412,5454 6420,,Carolyn-9a90a@bendigotraders.org,www.artlivemedia.com
Simonds Homes,Frank,Hetherington/Hetherinton ,Regional Manager,Po Box 5022,Sandhurst East,VIC,3550,03 5445 1506,5442 9800,0400 794 212,Frank-a98fe@bendigotraders.org,http://www.thrive-imagine.com
Bendigo Community Telco,Ruth,PRIEST,Technical Manager,Po Box 1062,Bendigo,VIC,3552,03 5454 5009,5454 1509,0428 366 123,Ruth-e33f5@bendigotraders.org,www.floate.com.au
Artlive Media,Derek,SAYCE,Director,,,,,03 8647 2437,9650 8076,0400 157 988,Derek-39a3d@bendigotraders.org,
MacroPlan Australia,Linda,BURKE,Associate Director,Level 4 356 Collins Street,Melbourne,VIC,3000,03 9600 0500,,0402 325 290,Linda-66145@bendigotraders.org,www.bendig.vic.gov.au
Commonwealth Bank,Paulette,SHERWOOD,Customer Service Speacialist,109 Hargreaves Mall,Bendigo,VIC,3550,03 5440 2100,5440 2142,,Paulette-906ee@bendigotraders.org,
Home Building System,Julia,BROWN,National Business Development Manager,Po Box 6850 St.Kilda Road,Melbourne,VIC,8008,1300 733 730,1300 557 486,,Julia-01354@bendigotraders.org,www.idawfast.com
OPSM,Sarah,BLACKMAN,,Bendigo Market Place,Bendigo ,VIC,3550,03 5443 4662,5441 6209,,Sarah-f1976@bendigotraders.org,
Telstra Shop,Michael,GARDENNE,Business Sales Consultant,Level 13/35 Collins Street ,Melbourne,VIC,3000,03 9638 4419,8601 3192,0427 906 936,Michael-0b00c@bendigotraders.org,www.itben.com.au
TheFriars Café & Wine Bar,Avis,BROOKS,,31 Fryers Street,Shepparton ,VIC,3630,03 5822 2181,5831 7731,,Avis-8efec@bendigotraders.org,www.lisanankervis.com
Financial Index Australia,Clive,BAKER,Representative,40 Hargreaves Street,Bendigo,VIC,3550,03 5441 3255,5441 3452,0438 783 836,Clive-688f7@bendigotraders.org,www.blueillusion.com.au
Xerox Business Centre,Jane,GILBERT,,,,,,03 5441 5100,5443 5053,0448 010 587,Jane-11537@bendigotraders.org,
Telstra Country Wide,David,ROUT,Business Solutions Manager,,,,,1800 630 052,8601 3198,,David-4f26f@bendigotraders.org,
GPS Ag,Kylie,BAIRD,,40 Port Road ,Kadina,SA,5554,08 8821 4128,8821 4733,0428 428 707,Kylie-cb7d1@bendigotraders.org,
National Confectionery Wholesalers,Mary,PEARCE,Sales & Marketing Co-Ordinator,Suite 43/255 Drummond Street,Carlton,VIC,3053,03 9349 9800,9349 9899,0418 220 957,Mary-fbbbd@bendigotraders.org,www.stephenmalone.com.au
Parbury,Dawn,BENNETT,Designer Rep,130 International Court,Scoresby,VIC,3179,03 9765 5222,9753 4080,0434 184 756,Dawn-9595a@bendigotraders.org,www.homebuildingsystem.com.au
Lift Truck Services,Gillian,HINNIGAN,,4 Midland Hwy,Epsom,VIC,3551,03 5448 8802,,0412 621 212,Gillian-7d078@bendigotraders.org,www.victoriafinance.com.au
The Bendigo Advertiser,Ken,MELLOWS,Editor,142 Queen Street ,Bendigo ,VIC,3550,03 5434 4471,5434 4499 ,0407 332 403,Ken-3a180@bendigotraders.org,
Peter Anthony Mens Wear,Diana,BETTS,,148 Hargreaves Mall ,Bendigo ,VIC,3550,03 5443 5010,5443 6420,,Diana-b7c4e@bendigotraders.org,www.eplusarchitecture.com.au
Continuing Education ,Catherine,BURROWS,Manager,127 Myers Street,Bendigo ,VIC,3550,03 5430 2111,5442 7354,0407 591 959,Catherine-083f9@bendigotraders.org,
Café Au Lait,Alan,MUIR,,76 Mitchell Street,Bendigo ,VIC,3550,03 5443 5126 or 5443 9956,5442 9122,,Alan-9ee97@bendigotraders.org,
Xerox Business Centre,Fred,AUSTIN,,,,,,03 5441 5100,5443 5053,0448 010 587,Fred-56032@bendigotraders.org,www.macxarthyhomes.biz
Southern Cross Office Equipment,Jenny,BERESFORD,,214 Mitchell Street,Bendigo,VIC,3550,03 5441 6333,5442 6026,,Jenny-b912f@bendigotraders.org,www.greatershepparton.com.au
L.J Hooker,Suzie,GRADY,Sales Consultant,61 High Street,Kyneton,VIC,3444,03 5422 2127,5422 1804,0408 571 485,Suzie-69f84@bendigotraders.org,www.clivepeters.com.au
Digital Warehouse,Janet,VOLKMANN,System Administrator,"Shop 3, 16 Creek Street North",Bendigo ,VIC,3550,03 5441 6390,5441 4134,0419 108 803,Janet-5b70d@bendigotraders.org,
Home Building System,Murray,PAULL,National Business Development Manager,Po Box 6850 St.Kilda Road,Melbourne,VIC,8008,1300 733 730,1300 557 486,,Murray-c8936@bendigotraders.org,www.delfinrealty.com.au
Reale Creative,Peter,ADAMS,,Po Box 7235,Shepparton ,VIC,3632,,,,Peter-3704b@bendigotraders.org,www.confuciusinstitute.unimelb.edu.au
Xerox Business Centre,Margott,BROWN,,,,,,03 5441 5100,5443 5053,0448 010 587,Margott-6184a@bendigotraders.org,
Impress Publicity,Charlotte,BROWN,,226 Nixon Street,Shepparton ,VIC,3630,03 5821 2651,5821 6174,0400 644 637,Charlotte-32bc7@bendigotraders.org,www.digitalw.com.au
The Epicurean,Gladys,HAINGE,,163 Mitchell Street,Bendigo ,VIC,3550,03 5443 2699,,,Gladys-be91d@bendigotraders.org,
Radiation Oncology Victoria,Ben,FELLOWS,Chief Exectutive Officer,Head Office: 132 Grey Street,East Melbourne,VIC,3002,03 9418 2200,9418 2288,0417 887 791,Ben-13ecb@bendigotraders.org,www.bendigomcivormotorinn.com.au
Bendigo Spirit,Susan,DRISCOLL,General Manager,Po Box 282,Eaglehawk,VIC,3556,03 5446 1595,5446 1595,0403 621 784,Susan-3e849@bendigotraders.org,
Win Television,Joan,FINN,Station Manager,Cnr High & Lilly Streets,Bendigo ,VIC,3550,03 5441 8035,5441 8015,0401 673 530,Joan-3e285@bendigotraders.org,www.cvgt.com.au
CVGT ,Jane,BARRASS,General Manager,40 Mundy Street,Bendigo,VIC,3550,03 5441 5177,5443 8549,0408 038 783,Jane-521c7@bendigotraders.org,
Doug Lougoon For Real Estate,Walter,BROWN,Estate Agent & Auctioneer,55 Wills Street,Bendigo ,VIC,3550,03 5445 5488,5445 5499,0418 510 025,Walter-e3db6@bendigotraders.org,www.foxpersonnel.com.au
Plunkett Fowles,Myrna,O'MALLEY,Sales Manager,Suite 7/118 Church Street,Hawthorn,VIC,3121,, +61 3 98152711,0448 962 711,Myrna-40aee@bendigotraders.org,
Vivadas,Bruce,GRACE,Account Director,190 High Street,Prahran,VIC,3181,03 9529 3533,9529 7823,0417 033 118,Bruce-77106@bendigotraders.org,
,David,DOUST,,,,,,,,,David-b51b2@bendigotraders.org,www.floate.com.au
OPSM Bendigo,Miriam,LEAHY,Optometrist & Contact Lense Specialist,Bendigo Market Place,Bendigo ,VIC,3550,03 5443 4662,5441 6209,,Miriam-2c7c4@bendigotraders.org,
Blue Illusion Bendigo,Juliet,BLACKMAN,Marketing Manager,223 Williamson Street ,Bendigo ,VIC,3550,03 5441 5415,,,Juliet-d5a02@bendigotraders.org,
Economic Development Department Shepparton Council,Duncan,PILLAGE,Manager ,Locked Bag 1000,Shepparton ,VIC,3632,03 5832 9846,5831 1987,0417 337 623,Duncan-6c374@bendigotraders.org,www.macxarthyhomes.biz
Bendigo Community Telco,Jenny,BACON,Technical Manager,Po Box 1062,Bendigo,VIC,3552,03 5454 5009,5454 1509,0428 366 123,Jenny-08952@bendigotraders.org,www.bicknells.com.au
TKO Business Modeller,Percival,BLACKWELL,TKO Developer / Founder,130 Mitchell Street,Bendigo,VIC,3550,1300 131 822,5441 1201,0419 337 287,Percival-34eb0@bendigotraders.org,
Victoria Finance,Doreen,APPLETON,General Manager,"Level One , 100 Dorcas Street",Melbourne,VIC,3004,1300 842 346,1300 842 329,0427 822 944,Doreen-dfd6e@bendigotraders.org,
Ie Design,Lucien,BUCHHOLDT,,,,,,,,0408 662 717,Lucien-4a3d1@bendigotraders.org,
ANZ,Samuel,BLACK,Area Manager,"Level 1, 83 Puckle Street",Moonee Ponds,VIC,3039,03 8325 1206 ,932 8670,,Samuel-a43df@bendigotraders.org,
Southern Cross Office Equipment,Tracey,APPLETON,,94 Mitchell Street,Bendigo,VIC,3550,03 5441 6333,5442 6026,,Tracey-82a98@bendigotraders.org,www.gtsinteractive.com
Sutton Grange Winery,Rebecca,URQUHART,Cellar Door Manager,Winery: Carnochans Lane ,Sutton Grange,VIC,3448,03 5474 8277,5474 8294,0416 336 452,Rebecca-c6268@bendigotraders.org,
National Confectionery Wholesalers,Rosa,GOOCH,Sales & Marketing Co-Ordinator,Suite 43/255 Drummond Street,Carlton,VIC,3053,03 9349 9800,9349 9899,0418 220 957,Rosa-37bb0@bendigotraders.org,www.sgps.vic.edu.au
Digital Warehouse,Rosalie,AITKEN,System Administrator,"Shop 3, 16 Creek Street North",Bendigo ,VIC,3550,03 5441 6390,5441 4134,0419 108 803,Rosalie-2a340@bendigotraders.org,www.findex.com.au
Comfort Inn Julie-Anna,Victoria,McFADDEN,,7 Napier Street,Bendigo ,VIC,3550,03 5442 5855,5441 6032,,Victoria-44be7@bendigotraders.org,www.eplusarchitecture.com.au
Hildebrand Australia,Marjorie,McNAMARA,Managing Director,,,,,,,0412 462 865,Marjorie-dfb7a@bendigotraders.org,www.gps-ag.com.au
Plunkett Fowles,Kathleen,WARNER,Sales Manager,Suite 7/118 Church Street,Hawthorn,VIC,3121,, +61 3 98152711,0448 962 711,Kathleen-43aaf@bendigotraders.org,
Bendigo Health,Michael,CARROLL,Project Officer,Po Box 126,Bendigo ,VIC,3552,03 5454 6412,5454 6420,,Michael-1bd47@bendigotraders.org,www.cebendigo.com.au
Maloahouse Gourmet Delights,Ben,NARRIER,Owner/Manager,ShopOne 97 High Street,Woodend,VIC,3442,03 5427 1608,5427 3226,,Ben-6f8d0@bendigotraders.org,www.glenvill.com.au
,Robert,PARKER,,,,,,,,,Robert-46a3a@bendigotraders.org,www.yesonline.com.au
Australian Industry Group,Percy,BENNETT,Regional Manager,208 Wills Street,Bendigo,VIC,3550,03 5443 4810,5443 9785,0419 762 792,Percy-73801@bendigotraders.org,
MacroPlan Australia,Julie,McVEE,Associate Director,Level 4 356 Collins Street,Melbourne,VIC,3000,03 9600 0500,,0402 325 290,Julie-5bea6@bendigotraders.org,www.itben.com.au
MEGT,Katherine,BLACKMAN,Area Manager,61st Floor 386 Hargreaves Street ,Bendigo,VIC,3550,03 5442 8862,5443 8379,0409 110 359,Katherine-6fc67@bendigotraders.org,www.suttongrangewines.com.au
Happy Landing Marketing & Events,Dan,CAMPBEL,Director,Po Box 68,Bendigo Central,VIC,3552,,,0419 114 573,Dan-03e9e@bendigotraders.org,www.australianreceivables.com.au
Bloom n Gifts,Valerie,SWEENEY,Owners,106 High Street,Golden Square,VIC,3555,03 5442 2112,5442 2326,,Valerie-a2824@bendigotraders.org,www.qdt.com.au
Home Building System,Neil,BROWNING,National Business Development Manager,Po Box 6850 St.Kilda Road,Melbourne,VIC,8008,1300 733 730,1300 557 486,,Neil-79a0e@bendigotraders.org,www.sctlogistics.com.au
Tick It Pacific Tours,Ginnette,LAWLOR,,85 Little Collins Street ,Melbourne,VIC,3000,03 9654 6155,9654 3858,,Ginnette-a3830@bendigotraders.org,
Biocycle,Rita,NAIRN,Sales Representative,Po Box 26,Eaglehawk,VIC,3556,03 5446 9004,5446 9008,0428 824 000,Rita-16776@bendigotraders.org,
Vivadas,Ernest,GREEN,Account Director,31 High Street,Prahran,VIC,3181,03 9529 3533,9529 7823,0417 033 118,Ernest-1b5f3@bendigotraders.org,www.macxarthyhomes.biz
PH Property,Douglas,YOUNG,Administration Officer,67 Mitchell Street,Bendigo ,VIC,3550,03 5454 1999,5454 1998,,Douglas-f18ca@bendigotraders.org,www.wellspringsdayspa.com.au
Grow Data,Brian,BIDWELL,Director,Box 6624,Shepparton ,VIC,3632,03 5831 1711,,0409 121 146,Brian-fd846@bendigotraders.org,
Good One,Irma,BOLGER,Director/Graphic Designer,Po Box 93,Bendigo ,VIC,3550,03 5443 3434,5443 3474,0417 166 297,Irma-56d81@bendigotraders.org,www.delfinrealty.com.au
Home Building System,Louis,GIBLETT,National Business Development Manager,Po Box 6850 St.Kilda Road,Melbourne,VIC,8008,1300 733 730,1300 557 486,,Louis-0394a@bendigotraders.org,
Bendigo Radiology,Frank,BARNARD,It Manager,136-111 Lucan Street ,Bendigo,VIC,3550,03 5442 1244 ,,0418 300 305,Frank-44c2e@bendigotraders.org,
Shire Of Campaspe,Michael,BENOIT,Exectutive Officer,Po Box 35 ,Echuca,VIC,3564,03 5481 2203 ,5481 2293,,Michael-9a87f@bendigotraders.org,www.eplusarchitecture.com.au
Central - Vic.Ag,Ann,BEVAN,,Po Box 110 ,Bridgewater,VIC,3516,,5442 8089,0427 328 534,Ann-0cc74@bendigotraders.org,www.delfinrealty.com.au
Comfort Inn Julie-Anna,Donald,BAGG,,115 Napier Street,Bendigo ,VIC,3550,03 5442 5855,5441 6032,,Donald-97bbb@bendigotraders.org,www.eplusarchitecture.com.au
Delfin Realty,Leonora,HOARE,Sales Consultant,94-8 Lake Street ,Caroline Springs,VIC,3023,03 9360 5488,9360 5021,0419 799 799,Leonora-9b5db@bendigotraders.org,www.bsi.com.au
Commonwealth Bank,Craig,LEEDER,Customer Service Speacialist,4 Hargreaves Mall,Bendigo,VIC,3550,03 5440 2100,5440 2142,,Craig-9f292@bendigotraders.org,www.commbank.com.au
Commonwealth Bank,Mae,BIGGS,Customer Service Speacialist,31 Hargreaves Mall,Bendigo,VIC,3550,03 5440 2100,5440 2142,,Mae-47cda@bendigotraders.org,www.macroplan.com.au
Hogan's Accountants & Advisors,Kellie,COLE,,184 St.Georges Road,North Fitzroy,VIC,3068,03 9481 7473,9482 4141,0413 584 700,Kellie-d769f@bendigotraders.org,www.vea.com.au
Floate Design Partners,Winifred,LOWRIE,,Level 1 351-353 Elizabeth Street,Melbourne,VIC,3000,03 9606 0866,9670 8216,0418 592 158,Winifred-05133@bendigotraders.org,
Commonwealth Bank,Ken,BONDESON,Customer Service Speacialist,127 Hargreaves Mall,Bendigo,VIC,3550,03 5440 2100,5440 2142,,Ken-24c7e@bendigotraders.org,
Dunkeld Pastoral,George,BALDWIN,Operations Manager,Po Box 50 ,Dunkeld,VIC,3294,03 5577 2644,5577 2622,,George-6de37@bendigotraders.org,www.peteranthony.com.au
,Annie,PUCKERING,,,,,,,,,Annie-0293e@bendigotraders.org,www.lisanankervis.com
Bicknells Independent Sport,Vivienne,ARMSTRONG,,190 Williamson Street,Bendigo ,VIC,3550,03 5443 4299,5442 2845,,Vivienne-cd45e@bendigotraders.org,
,Robert,DRANSFIELD,,,,,,,,,Robert-4bc00@bendigotraders.org,www.itben.com.au
Remington Direct,Marilyn,HOWE,Managing Director,196 Mair Street ,Ballarat,VIC,3350,03 5332 9077,5332 1933,0408 147 950,Marilyn-a2408@bendigotraders.org,
Economic Development Unit - Bendigo Council,Zurviah,BROOKS,Project Officer,46 Lyttleton Terrace,Bendigo,VIC,3552,03 5434 6236,5434 6205,,Zurviah-23929@bendigotraders.org,
Delfin Realty,Teri,BROWN,Sales Consultant,4-8 Lake Street ,Caroline Springs,VIC,3023,03 9360 5488,9360 5021,0419 799 799,Teri-5dcef@bendigotraders.org,
Peter Jackson Australia,Bob,BENNETT,Sales Executive,82 Bourke Street,Melbourne,VIC,3000,03 9670 9132,,,Bob-33001@bendigotraders.org,
Maloahouse Gourmet Delights,Nicholas,NEEDLE,Owner/Manager,ShopOne 97 High Street,Woodend,VIC,3442,03 5427 1608,5427 3226,,Nicholas-73310@bendigotraders.org,www.foxpersonnel.com.au
Bendigo Community Telco,Derek,KAIN,Technical Manager,Po Box 1062,Bendigo,VIC,3552,03 5454 5009,5454 1509,0428 366 123,Derek-14a92@bendigotraders.org,www.anz.com
Wet Technologies,Dawn,KAY,National Sales Manager,178 Karinie Street,Swan Hill,VIC,3585,03 5033 1566,5033 1213,0400 580 431,Dawn-46f3b@bendigotraders.org,www.viewstreet.com.au
Xerox Business Centre,Charles,WALDECK,,,,,,03 5441 5100,5443 5053,0448 010 587,Charles-2adaa@bendigotraders.org,www.cvgt.com.au
Delfin Realty - Edgewater,Simon,BLACK,Branch Manager,76-48 Edgewater Blvd,Maribyrnong,VIC,3032,03 8318 0203,9318 4685,0413 131 134,Simon-db897@bendigotraders.org,www.growdata.com.au
Bendigo Trainging Academy,Murray,ARNOLD,,196 High Street ,Bendigo ,VIC,3550,03 5444 1876,5441 6727,0409 947 129,Murray-c1ddf@bendigotraders.org,www.epicureandeli.com.au
Peter Anthony Mens Wear,Nigel,THOMSON,,187 Hargreaves Mall ,Bendigo ,VIC,3550,03 5443 5010,5443 6420,,Nigel-5bddc@bendigotraders.org,www.thematch.com.au
Grow Data,Thomas,McINTYRE,Director,Box 6624,Shepparton ,VIC,3632,03 5831 1711,,0409 121 146,Thomas-3d1b7@bendigotraders.org,
REIV,Thomas,McCARDLE,Estate Agent,76 Camberwell Road,Camberwell ,VIC,3124,+61 3 9205 6626 ,+61 3 9205 6692,0419 165 989,Thomas-79dd9@bendigotraders.org,
Calder Regional Waste Management ,Sally,CONDREN,Executive Officer,Po Box 303 ,Woodend,VIC,3442,03 5427 3479,,0438 771 757,Sally-6586b@bendigotraders.org,
MEGT,Delia,LANG,Industry Employment Consultant,88st Floor 386 Hargreaves Street ,Bendigo ,VIC,3550,03 5442 8862,5443 8379,0427 236 895,Delia-eee22@bendigotraders.org,www.bloomngifts.com.au
SCT Logistics,Teri,BAKER,,169 Westlink Court,Altona,VIC,3018,03 9931 5333,9369 9747,0437 129 078,Teri-950b0@bendigotraders.org,
ANZ,Hazel,BRUCE,Branch Manager,103 Evans Street ,Sunbury,VIC,3429,03 9140 5471,9740 9542,0409 182 497,Hazel-61d97@bendigotraders.org,www.bendigospirit.com.au
Telstra Shop,Verdy,BYASS,Business Manager,214-114 High Street,Bendigo,VIC,3550,03 5442 4955,5441 4581,0427 424 955,Verdy-28393@bendigotraders.org,
Your Emplyment Solutions,Charlie,JACQUES,Site Manager,67B Mollison Street,Bendigo,VIC,3550,03 5441 5611,5441 5894,,Charlie-298db@bendigotraders.org,www.happylanding.com.au
The Match,Margaret,BROWNE,Owners,142 Bull Street ,Bendigo ,VIC,3550,03 5441 4403,5441 5086,0408 815 199,Margaret-bb43c@bendigotraders.org,www.advancelandscapeandleisure.com.au
Economic Development Department Shepparton Council,Miles,CARVELL,Manager ,Locked Bag 1000,Shepparton ,VIC,3632,03 5832 9846,5831 1987,0417 337 623,Miles-9061f@bendigotraders.org,www.bsi.com.au
Commonwealth Bank,Tom,BENNETT,Customer Service Speacialist,112 Hargreaves Mall,Bendigo,VIC,3550,03 5440 2100,5440 2142,,Tom-cf326@bendigotraders.org,www.commbank.com.au
e+ architecture,Tammy,BURKE,Araia Architect,Po Box 1124,Bendigo ,VIC,3552,03 5443 0055,5441 4981,,Tammy-06aae@bendigotraders.org,
Forrest Computing,Michael,BALDWIN,Workshop Manager,Midland Hwy,Epsom,VIC,,03 5448 4934,5448 4938,0418 507 959,Michael-2afb8@bendigotraders.org,www.bendigomcivormotorinn.com.au
Peter Anthony Mens Wear,Juliet,BLACKWELL,,190 Hargreaves Mall ,Bendigo ,VIC,3550,03 5443 5010,5443 6420,,Juliet-f19c8@bendigotraders.org,www.cvgt.com.au
Hogan's Accountants & Advisors,Adam,CRAWFORD,,70 St.Georges Road,North Fitzroy,VIC,3068,03 9481 7473,9482 4141,0413 584 700,Adam-36aae@bendigotraders.org,www.cornstalksoftware.com.au
Birchgrove Property Group,Tony,BARKER,Director,Po Box 43,Strathdale,VIC,3550,1300 856 911,5442 6111,0419 318 360,Tony-355c2@bendigotraders.org,www.hildebrand.com.au
Glenvill,Samantha,HUDSON,CEO,52 Malvern Road,Prahran,VIC,3181,03 9529 1111,9529 1311,0412 314 497,Samantha-3ca09@bendigotraders.org,
Evans Shoes,Gavin,GLASS,Managing Director,124 Hare Street,Echuca,VIC,3564,03 5482 3499,5482 5605,,Gavin-97b4e@bendigotraders.org,
Wet Technologies,Ross,BATES,Business Development Manager,10 Karinie Street,Swan Hill,VIC,3585,03 5033 1566,5033 1213,0400 146 512,Ross-8ef15@bendigotraders.org,
Shed 7 Hair For Men,Susie,MOYLE,,175 View Street,Bendigo ,VIC,3550,03 5441 4277,,,Susie-547a2@bendigotraders.org,www.tadvic.asn.au
Industry Capability Network,Michelle,EARNSHAW,Regional Manager,91 Edwards Street,Bendigo ,VIC,3550,03 5441 8611,5442 5452,0407 182 952,Michelle-18c38@bendigotraders.org,
Bendigo IT,Kathryn,BROAD,General Manager,Po Box 130,Bendigo ,VIC,3552,03 5444 9500,5443 2847,,Kathryn-6c369@bendigotraders.org,www.itben.com.au
Hogan's Accountants & Advisors,Anthony,ATKINS,,40 St.Georges Road,North Fitzroy,VIC,3068,03 9481 7473,9482 4141,0413 584 700,Anthony-c3f42@bendigotraders.org,www.thematch.com.au
e+ architecture,Marlene,GROUT,Araia Architect,Po Box 1124,Bendigo ,VIC,3552,03 5443 0055,5441 4981,,Marlene-661ec@bendigotraders.org,
Hogan's Accountants & Advisors,Gloria,ALLAN,,4 St.Georges Road,North Fitzroy,VIC,3068,03 9481 7473,9482 4141,0413 584 700,Gloria-6d1e8@bendigotraders.org,www.confuciusinstitute.unimelb.edu.au
City of Greater Bendigo,Sarah,GALLAGHER,Industry/Business Development Officer,52 Lyttleton Terrace,Bendigo ,VIC,3552,03 5434 6197,5434 6267,0419 162 003,Sarah-ae20a@bendigotraders.org,
Floate Design Partners,Alan,ARMSTRONG,,Level 1 351-353 Elizabeth Street,Melbourne,VIC,3000,03 9606 0866,9670 8216,0418 592 158,Alan-a006d@bendigotraders.org,www.thegreenolive.com.au
Bensons Property Group,Maureen,BAILEY,Senior Development Manager,Level 1 461 Bourke Street,Melbourne,VIC,3000,+613 8602 0800,+613 8602 0888,0400 230 744,Maureen-62ea9@bendigotraders.org,www.sanctuaryspa.com.au
Plunkett Fowles,Christie,ROWSELL,Sales Manager,Suite 7/118 Church Street,Hawthorn,VIC,3121,, +61 3 98152711,0448 962 711,Christie-f47b0@bendigotraders.org,www.greatershepparton.com.au
,Allan,BAXTER,,,,,,,,,Allan-ffcb4@bendigotraders.org,www.bloomngifts.com.au
REIV,Bob,ADAM,Estate Agent,124 Camberwell Road,Camberwell ,VIC,3124,+61 3 9205 6626 ,+61 3 9205 6692,0419 165 989,Bob-aa01f@bendigotraders.org,
Bendigo Health,Shelley,BARKER,Project Officer,Po Box 126,Bendigo ,VIC,3552,03 5454 6412,5454 6420,,Shelley-779ed@bendigotraders.org,
The Epicurean,Richard,BUNTER,,226 Mitchell Street,Bendigo ,VIC,3550,03 5443 2699,,,Richard-0c21a@bendigotraders.org,www.aigroup.asn.au
Industry Capability Network,Rosemary,BAILEY,Regional Manager,214 Edwards Street,Bendigo ,VIC,3550,03 5441 8611,5442 5452,0407 182 952,Rosemary-c9073@bendigotraders.org,
,Eve,DE TURT,,,,,,,,,Eve-e471b@bendigotraders.org,
Southern Cross Office Equipment,Elisha,ARMSTRONG,,13 Mitchell Street,Bendigo,VIC,3550,03 5441 6333,5442 6026,,Elisha-f40d5@bendigotraders.org,
TheFriars Café & Wine Bar,Ken,STEVENS,,115 Fryers Street,Shepparton ,VIC,3630,03 5822 2181,5831 7731,,Ken-265b7@bendigotraders.org,
Terry Jarvis,Emerson,BONDESON,Watercolor Artist,187-118 Bridge Street  ,Bendigo ,VIC,3550,03 5444 0393,,,Emerson-390b3@bendigotraders.org,www.lisanankervis.com
e+ architecture,Diane,O'BRYAN,Araia Architect,Po Box 1124,Bendigo ,VIC,3552,03 5443 0055,5441 4981,,Diane-ea41c@bendigotraders.org,www.cebendigo.com.au
Commonwealth Bank,Janet,BARNES,Relationship Executive,4 King Street,Bendigo ,VIC,3550,03 5440 2669,5440 2659,0429 144 628,Janet-6487c@bendigotraders.org,
National Confectionery Wholesalers,Miles,JOHNSON,Sales & Marketing Co-Ordinator,Suite 43/255 Drummond Street,Carlton,VIC,3053,03 9349 9800,9349 9899,0418 220 957,Miles-8bf22@bendigotraders.org,
QDT,Anna,FELLOWS,,130 Spring Gully Road,Bendigo,VIC,3550,03 5443 9605,03 5441 6902,0408 053 990,Anna-eb289@bendigotraders.org,
Impress Publicity,Angela,BLACK,,61 Nixon Street,Shepparton ,VIC,3630,03 5821 2651,5821 6174,0400 644 637,Angela-c51e4@bendigotraders.org,www.tick-it.com.au
Winn Legal,Grace,BOLTON,Accredited Specialist Personal Injury,Ground Floor 116 Hardware Street ,Melbourne,VIC,3000,03 9600 3000 or 03 5443 4161,9600 3111,,Grace-53fcb@bendigotraders.org,
Continuing Education ,Tim,McGINNIS,Manager,127 Myers Street,Bendigo ,VIC,3550,03 5430 2135,5442 7354,0409 782 669,Tim-71490@bendigotraders.org,www.wellspringsdayspa.com.au
L.J Hooker,Mary,CARLSON,Sales Consultant,88 High Street,Kyneton,VIC,3444,03 5422 2127,5422 1804,0408 571 485,Mary-3f412@bendigotraders.org,
PH Property,Jim,BROWNE,Director,136 Mitchell Street,Bendigo ,VIC,3550,03 5454 1999,5454 1998,0417 537 251,Jim-eceba@bendigotraders.org,www.macroplan.com.au
Simonds Homes,Ted,BAGSHAW,New Homes Advisor,Po Box 5022 ,Sandhurst East,VIC,3550,03 5443 3344,5442 9800,0414 488 508,Ted-f85fd@bendigotraders.org,www.gtsinteractive.com
Kids Town,Kevin,BROOKS,Playground Coordinator,Locked Bag 1000,Shepparton ,VIC,3632,03 5831 4213,5821 2172,0407 042 438,Kevin-603fd@bendigotraders.org,www.bsi.com.au
Grow Data,Giles,BLACK,Director,Box 6624,Shepparton ,VIC,3632,03 5831 1711,,0409 121 146,Giles-b80b0@bendigotraders.org,www.macxarthyhomes.biz
Peter Jackson Australia,Benjamin,U,Sales Executive,184 Bourke Street,Melbourne,VIC,3000,03 9670 9132,,,Benjamin-d115b@bendigotraders.org,www.thematch.com.au
Your Emplyment Solutions,Vicki,BAILEY,Site Manager,181B Mollison Street,Bendigo,VIC,3550,03 5441 5611,5441 5894,,Vicki-db421@bendigotraders.org,
Winn Legal,Kathleen,BLACK,Accredited Specialist Personal Injury,Ground Floor 116 Hardware Street ,Melbourne,VIC,3000,03 9600 3000 or 03 5443 4161,9600 3111,,Kathleen-2178b@bendigotraders.org,www.grantready.com.au
Clive Peters,Rosemary,BROWN,Sales Representative,136 High Street,Kangaroo Flat,VIC,3555,03 5447 5200,5447 5255,,Rosemary-bdfec@bendigotraders.org,www.thooft.com.au
Continuing Education ,Douglas,FEAST,eLearning Coordinator,154 Myers Street ,Bendigo ,VIC,3550,03 5430 2124,5442 7354,0435 047 451,Douglas-930e9@bendigotraders.org,www.eseconsulting.com.au
Industry Capability Network,Saboth,RORKE,Regional Manager,58 Edwards Street,Bendigo ,VIC,3550,03 5441 8611,5442 5452,0407 182 952,Saboth-c478b@bendigotraders.org,www.icnvic.org.au
Bendigo Senior Secondary College,Diane,SWINBOURN,Principal,Po Box 545,Bendigo ,VIC,3552,03 5443 1222,5441 4548,0439 012 816,Diane-630a0@bendigotraders.org,
PH Property,Fiona,BACON,Director,64 Mitchell Street,Bendigo ,VIC,3550,03 5454 1999,5454 1998,0412 519 998,Fiona-e88a5@bendigotraders.org,www.greatershepparton.com.au
Economic Development Unit - Bendigo Council,Carole,BAXTER,Project Officer,187 Lyttleton Terrace,Bendigo,VIC,3552,03 5434 6236,5434 6205,,Carole-4b75a@bendigotraders.org,
SCT Logistics,Matt,HINNIGAN,,43 Westlink Court,Altona,VIC,3018,03 9931 5333,9369 9747,0437 129 078,Matt-3ff96@bendigotraders.org,
ANZ,Conrad,DEAKIN,Area Manager,"Level 1, 83 Puckle Street",Moonee Ponds,VIC,3039,03 8325 1206 ,932 8670,,Conrad-f2db8@bendigotraders.org,www.qdt.com.au
Hudsons Coffee,Judith,BROWNE,Marketing Manager,Po Box 12477 A'Beckett Street,Melbourne,VIC,8006,03 9631 0207,9654 2431,,Judith-dafb5@bendigotraders.org,www.yesonline.com.au
SITA Environmental Solutions,Stephanie,BAIRD,Branch Manager,37-19 Stonepark Road,Ballarat,VIC,3350,03 5336 2733,5336 2871,0412 553 229 ,Stephanie-2ed46@bendigotraders.org,www.delfinrealty.com.au
CVGT ,Nigel,GONCALVES,Business Development Manager,7 Mundy Street,Bendigo,VIC,3550,03 5441 5177,5443 8549,0418 126 529,Nigel-a59fa@bendigotraders.org,www.aigroup.asn.au
Confucius Institute - University Of Melbourne,Terry,DOODY,Manager,22 Bouverie Street,Carlton,VIC,3053,03 9347 8462,9348 1067,,Terry-7223c@bendigotraders.org,www.vividas.com.au
Impress Publicity,Sarah,DAPOZZI,,187 Nixon Street,Shepparton ,VIC,3630,03 5821 2651,5821 6174,0408 579 199,Sarah-c9f85@bendigotraders.org,
Idrawfast,Jane,STACEY,,40 Claredon Street ,South Melbourne,VIC,3205,03 9696 3466,9696 3465,0423 881 750,Jane-750b9@bendigotraders.org,
Peter Jackson Australia,Samuel,BAKER,Sales Executive,67 Bourke Street,Melbourne,VIC,3000,03 9670 9132,,,Samuel-eb550@bendigotraders.org,
Maloahouse Gourmet Delights,Marlene,LATIMER,Owner/Manager,ShopOne 97 High Street,Woodend,VIC,3442,03 5427 1608,5427 3226,,Marlene-39ade@bendigotraders.org,www.silkdayspa.com.au
View Street Café,Joanne,COOMER,,"Shop 4, 47-55 View Street",Bendigo ,VIC,3550,03 5442 4095,,,Joanne-7ca98@bendigotraders.org,www.wellspringsdayspa.com.au
Trevor Andrew Real Estate,Norma,BLYTH,Property Manager,82 Wills Street,Bendigo ,VIC,3550,03 5443 7088,5442 4440,0409 794 777,Norma-e5ee3@bendigotraders.org,
The Epicurean,Karen,OTHAMS,,208 Mitchell Street,Bendigo ,VIC,3550,03 5443 2699,,,Karen-c960d@bendigotraders.org,www.pwc.com/au
The Green Olive,Peter,BRABHAM,,106 Bath Lane,Bendigo ,VIC,3550,03 5442 2676,5442 2676,,Peter-4ecfd@bendigotraders.org,www.ausindustry.gov.au
The McIvor Motor Inn,Zachary,BECKETT,,64 McIvor Road,Bendigo ,VIC,3550,03 5443 8444 ,5442 5685,,Zachary-f8f70@bendigotraders.org,www.confuciusinstitute.unimelb.edu.au
Bendigo Community Telco,Mary,BURKE,Chief Exectutive Officer,34 McLaren Street ,Bendigo ,VIC,3550,03 5454 5000,5454 1554,0400 545 000,Mary-4ac13@bendigotraders.org,www.cvgt.com.au
Commonwealth Bank,Bill,WHITWORTH,Customer Service Speacialist,61 Hargreaves Mall,Bendigo,VIC,3550,03 5440 2100,5440 2142,,Bill-18ea1@bendigotraders.org,www.bendigotelco.com.au
OPSM Bendigo,Christine,BROWN,Optometrist & Contact Lense Specialist,Bendigo Market Place,Bendigo ,VIC,3550,03 5443 4662,5441 6209,,Christine-53e41@bendigotraders.org,www.telstra.com/countrywide
CVGT ,Heather,BARKER,Business Development Manager,205 Mundy Street,Bendigo,VIC,3550,03 5441 5177,5443 8549,0418 126 529,Heather-0c910@bendigotraders.org,
ANZ,Bill,FOXCROFT,Branch Manager,"Shop 20 , CS Square, 13/19 Lake Street",Caroline Springs,VIC,3023,03 8361 9060,9363 5014,,Bill-b7a42@bendigotraders.org,www.ausindustry.gov.au
Blue Illusion Bendigo,Mark,BELL,Marketing Manager,181 Williamson Street ,Bendigo ,VIC,3550,03 5441 5415,,,Mark-bcd4b@bendigotraders.org,http://www.thrive-imagine.com
Confucius Institute - University Of Melbourne,Jeff,HINES,Manager,13 Bouverie Street,Carlton,VIC,3053,03 9347 8462,9348 1067,,Jeff-cfbeb@bendigotraders.org,www.directfocus.com.au
Simonds Homes,Jeff,ANDREWS,New Homes Advisor,Po Box 5022 ,Sandhurst East,VIC,3550,03 5443 3344,5442 9800,0414 488 508,Jeff-a6aca@bendigotraders.org,
Hogan's Accountants & Advisors,Eve,BURROWS,,49 St.Georges Road,North Fitzroy,VIC,3068,03 9481 7473,9482 4141,0413 584 700,Eve-59cb0@bendigotraders.org,www.kidstown.org.au
Financial Index Australia,Bill,BROWNE,Representative,130 Hargreaves Street,Bendigo,VIC,3550,03 5441 3255,5441 3452,0438 783 836,Bill-1b807@bendigotraders.org,www.idoidocreations.com.au
Make Your House A Home,Juliette,HALE,,,,,,03 5442 6093,,,Juliette-33a5b@bendigotraders.org,http://www.thrive-imagine.com
Spring Gully Primary School,Janet,AITKEN,Principal,Spring Gully Road,Bendigo ,VIC,3550,03 5443 7230,5441 5584,0448 422 171,Janet-c9c55@bendigotraders.org,www.ausindustry.gov.au
Luke Goggin Real Estate,James,PASSMORE,Agents Representative,58 Mitchell Street,Bendigo ,VIC,3550,03 5442 1422,5441 6662,0413 395 919,James-ab85d@bendigotraders.org,www.greatershepparton.com.au
MEGT,Annabel,BROWNE,Area Manager,85st Floor 386 Hargreaves Street ,Bendigo,VIC,3550,03 5442 8862,5443 8379,0409 110 359,Annabel-03619@bendigotraders.org,
Bendigo Bank,Theresa,MOULTON,Public Relations Officer,,,,,03 5485 7111,5485 7635,0407 882 474,Theresa-cd2ca@bendigotraders.org,
Commonwealth Bank,Robert,ALLAN,Relationship Executive,37 King Street,Bendigo ,VIC,3550,03 5440 2669,5440 2659,0429 144 628,Robert-e6200@bendigotraders.org,
GPS Ag,Pansy,Drake ,,64 Port Road ,Kadina,SA,5554,08 8821 4128,8821 4733,0428 428 707,Pansy-81bfd@bendigotraders.org,
Parbury,Darryl,BROOKS,Designer Rep,64 International Court,Scoresby,VIC,3179,03 9765 5222,9753 4080,0434 184 756,Darryl-1c55b@bendigotraders.org,www.simonds.com.au
t'hooft,Elisha,STOCK,,,,,,03 5444 4448,,0403 961 736,Elisha-e34b6@bendigotraders.org,www.sanctuaryspa.com.au
People Potential Unlimited,Shelagh,ALLAN,Managing Principal,Po Box 1317,Bendigo ,VIC,3552,,,0407 685 601,Shelagh-c9c6d@bendigotraders.org,www.sctlogistics.com.au
Ie Design,Haley,ALEXANDER,,,,,,,,0408 662 717,Haley-d60db@bendigotraders.org,www.fresh2u.com.au
CVGT ,Jack,BECKETT,General Manager,Jackson Street,Long Gully,VIC,3550,03 5449 2000,5441 1212,0417 357 663,Jack-f455d@bendigotraders.org,
ESE Consulting,Rosemary,ANDREWS,Senior Consultant,64 Hopetoun Street,Bendigo ,VIC,3550,03 5442 6676,5442 6636,0411 987 704,Rosemary-acdb3@bendigotraders.org,
Silk Day Spa,Suzie,BARNARD,Owner,154-58 McIvor Road,Bendigo ,VIC,3550,03 5444 5554,03 5444 5552,0488 137 692,Suzie-faa69@bendigotraders.org,
Telstra Country Wide ,Tracey,BLACKMAN,Business Solutions Manager,148 Armstrong Street,South Ballarat,VIC,3353,1800 630 052,1800 808 483,,Tracey-11ca3@bendigotraders.org,
Continuing Education ,Jean,BARNES,Manager,154 Myers Street,Bendigo ,VIC,3550,03 5430 2135,5442 7354,0409 782 669,Jean-b7ea2@bendigotraders.org,www.tick-it.com.au
Stephen Malone Pahotography,Timothy,KING,Owner,175 Marks Street,Bendigo ,VIC,3550,03 5441 3812,,0417 036 369,Timothy-6d0f2@bendigotraders.org,www.cvgt.com.au
,Julian,FRANCE,,,,,,,,,Julian-e2cd2@bendigotraders.org,
Bendigo Community Telco,Richard,BARCLAY,Technical Manager,Po Box 1062,Bendigo,VIC,3552,03 5454 5009,5454 1509,0428 366 123,Richard-ac574@bendigotraders.org,www.bendigospirit.com.au
Simonds Homes,Florence,BLACKMAN,New Homes Advisor,Po Box 5022 ,Sandhurst East,VIC,3550,03 5443 3344,5442 9800,0414 488 508,Florence-43d76@bendigotraders.org,www.eplusarchitecture.com.au
Bendigo Community Telco,Guy,BARCLAY,Sales & Marketing Manager,Po Box 1062,Bendigo,VIC,3550,03 5454 5039,5454 1539,0428 366 789,Guy-8eda3@bendigotraders.org,
Your Emplyment Solutions,Elizabeth,PATERSON,Site Manager,13B Mollison Street,Bendigo,VIC,3550,03 5441 5611,5441 5894,,Elizabeth-9c13e@bendigotraders.org,
Bendigo Health,Duncan,ZIS,Project Officer,Po Box 126,Bendigo ,VIC,3552,03 5454 6412,5454 6420,,Duncan-8f4d5@bendigotraders.org,www.yesonline.com.au
Remington Direct,Wulfhilda,BROWNE,Managing Director,205 Mair Street ,Ballarat,VIC,3350,03 5332 9077,5332 1933,0408 147 950,Wulfhilda-c7376@bendigotraders.org,
Kids Town,Jim,GOOCH,Playground Coordinator,Locked Bag 1000,Shepparton ,VIC,3632,03 5831 4213,5821 2172,0407 042 438,Jim-37203@bendigotraders.org,
Winn Legal,Jeffery,MOTTERSHEAD,Accredited Specialist Personal Injury,Ground Floor 116 Hardware Street ,Melbourne,VIC,3000,03 9600 3000 or 03 5443 4161,9600 3111,,Jeffery-baf5f@bendigotraders.org,
Silk Day Spa,Kathryn,LOTT,Owner,184-58 McIvor Road,Bendigo ,VIC,3550,03 5444 5554,03 5444 5552,0488 137 692,Kathryn-70b09@bendigotraders.org,www.bendigocinemas.com.au
Reale Creative,Ann,LOWRY,,Po Box 7235,Shepparton ,VIC,3632,,,,Ann-78873@bendigotraders.org,
Office 3564 Café & Wine Bar,Fiona,CHILCOTT,,22 Hare Street ,Echuca,VIC,3564,03 5482 3564,5480 0577,,Fiona-44fcb@bendigotraders.org,www.gps-ag.com.au
Bendigo Bank,Julia,JACKMAN,Business Banking Officer,40 Hargreaves Street,Bendigo,VIC,3550,03 5433 9090,5433 9588,0413 124 629,Julia-d57b4@bendigotraders.org,
Shire Of Campaspe,Catharine,Le MESURIER,Exectutive Officer,Po Box 35 ,Echuca,VIC,3564,03 5481 2203 ,5481 2293,,Catharine-3b856@bendigotraders.org,
Hogan's Accountants & Advisors,Tom,ADAMS,,172 St.Georges Road,North Fitzroy,VIC,3068,03 9481 7473,9482 4141,0413 584 700,Tom-de74b@bendigotraders.org,www.delfinrealty.com.au
e+ architecture,John,GAUNT,Araia Architect,Po Box 1124,Bendigo ,VIC,3552,03 5443 0055,5441 4981,0408 129 440,John-222f0@bendigotraders.org,
Bendigo Community Telco,June,BLACKMAN,Chief Exectutive Officer,196 McLaren Street ,Bendigo ,VIC,3550,03 5454 5000,5454 1554,0400 545 000,June-0506f@bendigotraders.org,www.delfinrealty.com.au
The Bendigo Advertiser,Kevin,LOTT,Editor,187 Queen Street ,Bendigo ,VIC,3550,03 5434 4471,5434 4499 ,0407 332 403,Kevin-79064@bendigotraders.org,www.idealloans.com.au
Lift Truck Services,Frank,BOASE,,175 Midland Hwy,Epsom,VIC,3551,03 5448 8802,,0412 621 212,Frank-10bc6@bendigotraders.org,www.ausindustry.gov.au
Commonwealth Bank,Isobel,BLAKE,Relationship Executive,133 King Street,Bendigo ,VIC,3550,03 5440 2669,5440 2659,0429 144 628,Isobel-d0427@bendigotraders.org,www.cvgt.com.au
REIV,Karll,AITKEN,Estate Agent,97 Camberwell Road,Camberwell ,VIC,3124,+61 3 9205 6626 ,+61 3 9205 6692,0419 165 989,Karll-99e26@bendigotraders.org,
Remington Direct,Sophie,PARRY,Managing Director,97 Mair Street ,Ballarat,VIC,3350,03 5332 9077,5332 1933,0408 147 950,Sophie-ffde6@bendigotraders.org,www.advancelandscapeandleisure.com.au
CVGT ,Max,MORRISON,Business Development Manager,190 Mundy Street,Bendigo,VIC,3550,03 5441 5177,5443 8549,0418 126 529,Max-3a3ee@bendigotraders.org,www.hildebrand.com.au
ESE Consulting,Sam,BROWNING,Senior Consultant,163 Hopetoun Street,Bendigo ,VIC,3550,03 5442 6676,5442 6636,0411 987 704,Sam-cddbb@bendigotraders.org,
SCT Logistics,Heather,ALLAN,,34 Westlink Court,Altona,VIC,3018,03 9931 5333,9369 9747,0437 129 078,Heather-f751b@bendigotraders.org,
Hudsons Coffee,Jennifer,BROWNE,Marketing Manager,Po Box 12477 A'Beckett Street,Melbourne,VIC,8006,03 9631 0207,9654 2431,,Jennifer-bd28e@bendigotraders.org,www.itben.com.au
Loddon Mallee Pallitive Care,John,BAKER,Administration Officer,,,,,03 5454 9208,5454 6496,,John-5e8bb@bendigotraders.org,
Simonds Homes,Debbie,LESLIE,New Homes Advisor,Po Box 5022 ,Sandhurst East,VIC,3550,03 5443 3344,5442 9800,0414 488 508,Debbie-88872@bendigotraders.org,www.megt.com.au
Universita Bar & Risotrante,Kurt,ATKINS,,133 Lygon Street ,Carlton,VIC,3053,03 9347 2142,9347 0705,0418 186 104,Kurt-ced20@bendigotraders.org,www.swanhillonline.com
Wet Technologies,Martin,KENT,National Sales Manager,211 Karinie Street,Swan Hill,VIC,3585,03 5033 1566,5033 1213,0400 580 431,Martin-c610c@bendigotraders.org,www.bloomngifts.com.au
Central - Vic.Ag,Jessie,McKERRACHER,,Po Box 110 ,Bridgewater,VIC,3516,,5442 8089,0427 328 534,Jessie-04356@bendigotraders.org,
The Green Olive,Jack,AUSTIN,,76 Bath Lane,Bendigo ,VIC,3550,03 5442 2676,5442 2676,,Jack-45c5a@bendigotraders.org,www.thebridgebendigo.com.au
Bendigo Trainging Academy,Benjamin,COUSINS,,124 High Street ,Bendigo ,VIC,3550,03 5444 1876,5441 6727,0409 947 129,Benjamin-1a6dc@bendigotraders.org,
CVGT ,Denis,BARLOW,General Manager,55 Mundy Street,Bendigo,VIC,3550,03 5441 5177,5443 8549,0408 038 783,Denis-b48b8@bendigotraders.org,
Impress Publicity,Roy,REGAN,,79 Nixon Street,Shepparton ,VIC,3630,03 5821 2651,5821 6174,0400 644 637,Roy-f322f@bendigotraders.org,www.commbank.com.au
The Petal Factory,Marc,HAMMIL,,88 Bridge Street,Bendigo ,VIC,3550,03 5443 5519,5442 3648,,Marc-2a073@bendigotraders.org,www.icnvic.org.au
Tyndall Accounting,Beverly,MAGUIRE,Director,160 Pall Mall,Bendigo ,VIC,3550,03 5442 7126,5442 9073,,Beverly-1f832@bendigotraders.org,www.cvgt.com.au
OPSM Bendigo,Jillian,BLACK,Optometrist & Contact Lense Specialist,Bendigo Market Place,Bendigo ,VIC,3550,03 5443 4662,5441 6209,,Jillian-49efe@bendigotraders.org,www.stephenmalone.com.au
Fox Personnel,Theresa,ARMSTRONG,Partner,109-171 Hargreaves Street,Bendigo ,VIC,3550,03 5441 2959,5441 6944,0413 388 501,Theresa-2a5af@bendigotraders.org,www.viewstreet.com.au
Shire Of Campaspe,Malcolm,BAKER,Exectutive Officer,Po Box 35 ,Echuca,VIC,3564,03 5481 2203 ,5481 2293,,Malcolm-d8789@bendigotraders.org,www.bendig.vic.gov.au
Bendigo Community Telco,Derek,DELANEY,Chief Exectutive Officer,64 McLaren Street ,Bendigo ,VIC,3550,03 5454 5000,5454 1554,0400 545 000,Derek-4a833@bendigotraders.org,
CVGT ,Benjamin,ANDREWS,Deputy CEO,Jackson Street,Long Gully,VIC,3550,03 5449 2011,5441 1212,0407 403 956,Benjamin-2f6da@bendigotraders.org,
,Kay,MCKEE,,,,,,,,,Kay-766f1@bendigotraders.org,www.australianreceivables.com.au
Rebecca Productions,Janet,ROEHR,Exectuitve Producer,Po Box 409,Ashburton,VIC,3147,03 9889 9799,,0418 726 506,Janet-3788f@bendigotraders.org,www.viewstreet.com.au
Poolside Bendigo,Kurt,BAILEY,,208-69 Powell Street,Bendigo ,VIC,3550,03 5441 6111,5441 7986,,Kurt-6f741@bendigotraders.org,
Calder Regional Waste Management ,Verena,BLYTH,Executive Officer,Po Box 303 ,Woodend,VIC,3442,03 5427 3479,,0438 771 757,Verena-66326@bendigotraders.org,
Lisa Nankervis Photography & Design,Margaret,BROWNE,Photographer & Designer,58 Dungey Avenue,Bendigo ,VIC,3550,03 5443 1258,,0409 977 694,Margaret-6ec4b@bendigotraders.org,
The Match,Glenys,LAVERY,Owners,40 Bull Street ,Bendigo ,VIC,3550,03 5441 4403,5441 5086,0408 815 199,Glenys-22404@bendigotraders.org,www.thooft.com.au
Hickory Developments,Ken,BATES,Development Manager,208 Cremorne Street,Richmonmd,VIC,3121,03 9429 7411,9428 7376,0412 800 091,Ken-b57d2@bendigotraders.org,
QDT,Sheila,ROWSELL,,70 Spring Gully Road,Bendigo,VIC,3550,03 5443 9605,03 5441 6902,0408 053 990,Sheila-7fdf1@bendigotraders.org,www.trevorandrew.com.au
Victoria Finance,Charles,ANDREWS,General Manager,"Level One , 100 Dorcas Street",Melbourne,VIC,3004,1300 842 346,1300 842 329,0427 822 944,Charles-d4c01@bendigotraders.org,www.advancelandscapeandleisure.com.au
Bendigo Bank,Peter,AUSTIN,Business Banking Officer,55 Hargreaves Street,Bendigo,VIC,3550,03 5433 9090,5433 9588,0413 124 629,Peter-d3fdc@bendigotraders.org,www.viewstreet.com.au
Wellsprings Day Spa,Philip,FLEER,Managing Director,97 Welsford Street,Shepparton ,VIC,3630,03 5831 4606,5831 46957,,Philip-5d906@bendigotraders.org,www.shed7.com.au
Birchgrove Property Group,Thomas,CHEW,Director,Po Box 43,Strathdale,VIC,3550,1300 856 911,5442 6111,0419 318 360,Thomas-5a06f@bendigotraders.org,
Price Waterhouse Coopers,Esther,ARMSTRONG,Partner,Freshwater Place 2 Shouthbank blvd,Southbank,VIC,3006,03 8603 6461,8613 2893,0419 594 041,Esther-4d5f7@bendigotraders.org,www.bicknells.com.au
Economic Development Department Shepparton Council,Clive,Fortescue ,Manager ,Locked Bag 1000,Shepparton ,VIC,3632,03 5832 9846,5831 1987,0417 337 623,Clive-70d14@bendigotraders.org,
e+ architecture,Heather,G,Araia Architect,Po Box 1124,Bendigo ,VIC,3552,03 5443 0055,5441 4981,,Heather-500a8@bendigotraders.org,www.anz.com
MacroPlan Australia,Lisa,NAREA,Associate Director,Level 4 356 Collins Street,Melbourne,VIC,3000,03 9600 0500,,0402 325 290,Lisa-fe636@bendigotraders.org,www.viewstreet.com.au
Kids Town,Alexandra,STEEL,Playground Coordinator,Locked Bag 1000,Shepparton ,VIC,3632,03 5831 4213,5821 2172,0407 042 438,Alexandra-f065a@bendigotraders.org,www.bssc.edu.au
Grant Ready,Melinda,GOULDTHORPE,Principal,214/49 Belmont Road,Ivanhoe,VIC,3079,03 9497 2657,9012 4570,0400 113 914,Melinda-88ca0@bendigotraders.org,www.bendigospirit.com.au
CVGT ,Juliet,FARLEY,General Manager,43 Mundy Street,Bendigo,VIC,3550,03 5441 5177,5443 8549,0408 038 783,Juliet-f467a@bendigotraders.org,www.cvgt.com.au
The Match,Jillian,SPENCER,Owners,205 Bull Street ,Bendigo ,VIC,3550,03 5441 4403,5441 5086,0408 815 199,Jillian-ecd48@bendigotraders.org,www.suttongrangewines.com.au
Shed 7 Hair For Men,Yvette,MOORE,,136 View Street,Bendigo ,VIC,3550,03 5441 4277,,,Yvette-e9e49@bendigotraders.org,www.cvgt.com.au
MEGT,Kate,BULOG,Industry Employment Consultant,223st Floor 386 Hargreaves Street ,Bendigo ,VIC,3550,03 5442 8862,5443 8379,0427 236 895,Kate-e2930@bendigotraders.org,www.digitalw.com.au
Southern Cross Office Equipment,Vivien,BROWN,,121 Mitchell Street,Bendigo,VIC,3550,03 5441 6333,5442 6026,,Vivien-53285@bendigotraders.org,
Continuing Education ,Bob,ANDREWS,eLearning Coordinator,226 Myers Street ,Bendigo ,VIC,3550,03 5430 2124,5442 7354,0435 047 451,Bob-757ca@bendigotraders.org,www.floate.com.au
Win Television,Juliet,LYLE,Station Manager,Cnr High & Lilly Streets,Bendigo ,VIC,3550,03 5441 8035,5441 8015,0401 673 530,Juliet-8218f@bendigotraders.org,
Tin Shed Arts,Nigel,BLURTON,Director,211 Mollison Street ,Malmsbury,VIC,3446,03 5423 2144,,,Nigel-4bd76@bendigotraders.org,
Shed 7 Hair For Men,Kathleen,DAVEY,,118 View Street,Bendigo ,VIC,3550,03 5441 4277,,,Kathleen-bdfd4@bendigotraders.org,
Reale Creative,Diane,AUBREY,,Po Box 7235,Shepparton ,VIC,3632,,,,Diane-6d656@bendigotraders.org,
National Confectionery Wholesalers,George,BATES,General Manager,Suite 43/255 Drummond Street,Carlton,VIC,3053,03 9349 9800,9349 9899,0418 575 432,George-735f8@bendigotraders.org,
Delfin Realty,Malcolm,BAKER,Sales Consultant,109-8 Lake Street ,Caroline Springs,VIC,3023,03 9360 5488,9360 5021,0419 799 799,Malcolm-7a80a@bendigotraders.org,
Home Building System,Debbie,DACOMB,National Business Development Manager,Po Box 6850 St.Kilda Road,Melbourne,VIC,8008,1300 733 730,1300 557 486,,Debbie-b0c71@bendigotraders.org,
QDT,Leo,COY,,82 Spring Gully Road,Bendigo,VIC,3550,03 5443 9605,03 5441 6902,0408 053 990,Leo-04c1d@bendigotraders.org,
Southern Cross Office Equipment,Matthew,ARNOLD,,172 Mitchell Street,Bendigo,VIC,3550,03 5441 6333,5442 6026,,Matthew-32549@bendigotraders.org,www.simonds.com.au
Remington Direct,Lena,SEXTON,Managing Director,34 Mair Street ,Ballarat,VIC,3350,03 5332 9077,5332 1933,0408 147 950,Lena-22af7@bendigotraders.org,www.homebuildingsystem.com.au
SCT Logistics,Sheila,O,,199 Westlink Court,Altona,VIC,3018,03 9931 5333,9369 9747,0437 129 078,Sheila-9bce1@bendigotraders.org,www.stephenmalone.com.au
CVGT ,Charles,WHITESIDE,Deputy CEO,Jackson Street,Long Gully,VIC,3550,03 5449 2011,5441 1212,0407 403 956,Charles-96c23@bendigotraders.org,
Telstra Country Wide ,Percy,TRAVIS,Business Solutions Manager,142 Armstrong Street,South Ballarat,VIC,3353,1800 630 052,1800 808 483,,Percy-d3331@bendigotraders.org,www.foxpersonnel.com.au
Happy Landing Marketing & Events,Samantha,ANDREWS,Director,Po Box 68,Bendigo Central,VIC,3552,,,0419 114 573,Samantha-ef870@bendigotraders.org,www.glenvill.com.au
Bendigo Senior Secondary College,Terence,CADWALLADER,Principal,Po Box 545,Bendigo ,VIC,3552,03 5443 1222,5441 4548,0439 012 816,Terence-dcdca@bendigotraders.org,www.aigroup.asn.au
Commonwealth Bank,Elizabeth,NAZARETTE,Relationship Executive,121 King Street,Bendigo ,VIC,3550,03 5440 2669,5440 2659,0429 144 628,Elizabeth-3d2e3@bendigotraders.org,www.telstra.com/countrywide
e+ architecture,Maureen,BLACK,Araia Architect,Po Box 1124,Bendigo ,VIC,3552,03 5443 0055,5441 4981,,Maureen-5c148@bendigotraders.org,www.homebuildingsystem.com.au
Café Au Lait,Ken,MOTTERAM,,139 Mitchell Street,Bendigo ,VIC,3550,03 5443 5126 or 5443 9956,5442 9122,,Ken-5f355@bendigotraders.org,
Fresh 2 U ,Rebecca,HORSPOOL,,Market Box 12 542 Footscray Rd,West Melbourne,VIC,3003,03 9687 9322,9689 6116,0416 275 634,Rebecca-bba73@bendigotraders.org,www.iedesign.com.au
MEGT,Keith,ADAMS,Area Manager,67st Floor 386 Hargreaves Street ,Bendigo,VIC,3550,03 5442 8862,5443 8379,0409 110 359,Keith-d4f72@bendigotraders.org,www.bendigoit.com.au
Good One,Julia,BAKER,Director/Graphic Designer,Po Box 93,Bendigo ,VIC,3550,03 5443 3434,5443 3474,0417 166 297,Julia-767e6@bendigotraders.org,www.yesonline.com.au
Arnold Dallas McPherson,Kate,EASTOUGH,Solicitor,97 Hargreaves Street,Bendigo ,VIC,3550,03 5445 9200 ,5441 4424,,Kate-c7a46@bendigotraders.org,www.iedesign.com.au
Universita Bar & Risotrante,Eric,BEBEE,,145 Lygon Street ,Carlton,VIC,3053,03 9347 2142,9347 0705,0418 186 104,Eric-02467@bendigotraders.org,
PH Property,Joanne,FUHRHOP,Administration Officer,181 Mitchell Street,Bendigo ,VIC,3550,03 5454 1999,5454 1998,,Joanne-02f2e@bendigotraders.org,www.eplusarchitecture.com.au
Southern Cross Office Equipment,Jennifer,STEVENSON,,217 Mitchell Street,Bendigo,VIC,3550,03 5441 6333,5442 6026,,Jennifer-b5808@bendigotraders.org,
Telstra Country Wide,Alison,GAUCI,,145 King Street,Bendigo,VIC,3550,1800 687 829,03 5434 0033,,Alison-0a488@bendigotraders.org,www.cvgt.com.au
Tick It Pacific Tours,Sarah,HARDY-JOHNSON,,76 Little Collins Street ,Melbourne,VIC,3000,03 9654 6155,9654 3858,,Sarah-a0c97@bendigotraders.org,
Vivadas,Caroline,ADAMS,Account Director,13 High Street,Prahran,VIC,3181,03 9529 3533,9529 7823,0417 033 118,Caroline-f9873@bendigotraders.org,www.macroplan.com.au
TADVIC,Angela,O'LEARY,Chief Exectutive Officer,67 Yarra Boulevard,Kew,VIC,3101,03 9853 8655,9853 8098,,Angela-a4aa6@bendigotraders.org,
QDT,Anna,COUPAR,,22 Spring Gully Road,Bendigo,VIC,3550,03 5443 9605,03 5441 6902,0408 053 990,Anna-ca6d3@bendigotraders.org,www.cafeaulait.com.au
Universita Bar & Risotrante,Henrietta,BAIRD,,46 Lygon Street ,Carlton,VIC,3053,03 9347 2142,9347 0705,0418 186 104,Henrietta-e6c13@bendigotraders.org,www.victoriafinance.com.au
I Do  I Do Creations,Loren,BRUMPTON,"Events, Advertising, Marketing Director ",Po Box 2573,Bendigo ,VIC,3554,03 5444 2797,,0439 205 406,Loren-f9893@bendigotraders.org,www.macroplan.com.au
Idrawfast,Glenys,TOTTIE,,94 Claredon Street ,South Melbourne,VIC,3205,03 9696 3466,9696 3465,0423 881 750,Glenys-218c7@bendigotraders.org,www.stephenmalone.com.au
Bensons Property Group,Frank,ABBOTT,Senior Development Manager,Level 1 461 Bourke Street,Melbourne,VIC,3000,+613 8602 0800,+613 8602 0888,0400 230 744,Frank-b1f8f@bendigotraders.org,www.findex.com.au
Business Stratergies International,Alpheous,AUSTIN,Director,"Innovation Building Level 1, 1010 Latrobe Street",Docklands Vic,VIC,3008,03 9605 9300,9605 9301,0416 131 702,Alpheous-87958@bendigotraders.org,www.winnlegal.com.au
Bendigo Spirit,Frysow,BARCLAY,General Manager,Po Box 282,Eaglehawk,VIC,3556,03 5446 1595,5446 1595,0403 621 784,Frysow-b985e@bendigotraders.org,www.eplusarchitecture.com.au
Bendigo Community Telco,James,MUNN,Chief Exectutive Officer,106 McLaren Street ,Bendigo ,VIC,3550,03 5454 5000,5454 1554,0400 545 000,James-e4fa5@bendigotraders.org,
Bendigo Bank,Eleanor,ALLAN,Business Banking Officer,166 Hargreaves Street,Bendigo,VIC,3550,03 5433 9090,5433 9588,0413 124 629,Eleanor-bfc51@bendigotraders.org,www.idawfast.com
PH Property,Christine,EDWARDS,Director,160 Mitchell Street,Bendigo ,VIC,3550,03 5454 1999,5454 1998,0412 519 998,Christine-111d8@bendigotraders.org,
Trevor Andrew Real Estate,Susan,LATHAM,Property Manager,145 Wills Street,Bendigo ,VIC,3550,03 5443 7088,5442 4440,0409 794 777,Susan-ff941@bendigotraders.org,www.macxarthyhomes.biz
Bendigo Community Telco,Sue,BIRD,Sales Manager,Po Box 1062,Bendigo ,VIC,3552,03 5454 5010,5454 1510,0428 366 005,Sue-412f3@bendigotraders.org,www.grantready.com.au
Southern Cross Office Equipment,Christina,BARCLAY,,34 Mitchell Street,Bendigo,VIC,3550,03 5441 6333,5442 6026,,Christina-c14d0@bendigotraders.org,
Domain Living,Alan,ENRIGHT,,103-138 High Street ,Bendigo ,VIC,3550,03 5443 3000,5441 3220,,Alan-397e6@bendigotraders.org,
Universita Bar & Risotrante,Teri,EKERT,,184 Lygon Street ,Carlton,VIC,3053,03 9347 2142,9347 0705,0418 186 104,Teri-cb90e@bendigotraders.org,www.peteranthony.com.au
Financial Index Australia,Melvin,SOLLY,Representative,88 Hargreaves Street,Bendigo,VIC,3550,03 5441 3255,5441 3452,0438 783 836,Melvin-e780d@bendigotraders.org,www.ncw.com.au
Wet Technologies,Lynda,BENJAMIN,National Sales Manager,151 Karinie Street,Swan Hill,VIC,3585,03 5033 1566,5033 1213,0400 580 431,Lynda-c094d@bendigotraders.org,
Simonds Homes,Philip,BERESFORD,Regional Manager,Po Box 5022,Sandhurst East,VIC,3550,03 5445 1506,5442 9800,0400 794 212,Philip-89a60@bendigotraders.org,www.remingtondirect.com.au
The Petal Factory,Vernon,ADAMS,,55 Bridge Street,Bendigo ,VIC,3550,03 5443 5519,5442 3648,,Vernon-e7dab@bendigotraders.org,www.confuciusinstitute.unimelb.edu.au
Telstra Country Wide ,Bob,ADAMS,Business Solutions Manager,100 Armstrong Street,South Ballarat,VIC,3353,1800 630 052,1800 808 483,,Bob-4c899@bendigotraders.org,www.thegreenolive.com.au
