Company,First name,Last Name,Title,Street,Suburb,State,Postcode,Phone,Fax,Mobile,Email,Website
Lisa Nankervis Photography & Design,Kevin,Ballaton,Photographer & Designer,127 Dungey Avenue,Bendigo ,VIC,3550,03 5443 1258,,0409 977 694,Kevin-7f7d4@bendigotraders.org,
Commonwealth Bank,Debbie,Straw,Relationship Executive,85 King Street,Bendigo ,VIC,3550,03 5440 2669,5440 2659,0429 144 628,Debbie-ca54a@bendigotraders.org,www.cornstalksoftware.com.au
Radiation Oncology Victoria,Arlene,Harman,Chief Exectutive Officer,Head Office: 132 Grey Street,East Melbourne,VIC,3002,03 9418 2200,9418 2288,0417 887 791,Arlene-1b2ba@bendigotraders.org,
Floate Design Partners,Lilian,Andrews,,Level 1 351-353 Elizabeth Street,Melbourne,VIC,3000,03 9606 0866,9670 8216,0418 592 158,Lilian-8ccd7@bendigotraders.org,
Hudsons Coffee,Tom,Opie,Marketing Manager,Po Box 12477 A'Beckett Street,Melbourne,VIC,8006,03 9631 0207,9654 2431,,Tom-dff12@bendigotraders.org,
Department of Industry Tourism & Rescources,Keith,De banks,Manager,61 Edwards Street,Bendigo,VIC,3550,03 5442 4199,5441 8941,0428 360 230,Keith-48e25@bendigotraders.org,www.victoriafinance.com.au
Peter Jackson Australia,Jane,Elliss,Sales Executive,55 Bourke Street,Melbourne,VIC,3000,03 9670 9132,,,Jane-96845@bendigotraders.org,www.bendig.vic.gov.au
Bendigo Copy Centre,Nadia,Leary,,Alans Walk,Bendigo ,VIC,3550,03 5442 4788,5441 7948,,Nadia-91611@bendigotraders.org,
Trevor Andrew Real Estate,Mark,Gates,Property Manager,121 Wills Street,Bendigo ,VIC,3550,03 5443 7088,5442 4440,0409 794 777,Mark-28753@bendigotraders.org,www.cvgt.com.au
Comfort Inn Julie-Anna,Keith,Aldis,,91 Napier Street,Bendigo ,VIC,3550,03 5442 5855,5441 6032,,Keith-bf4d1@bendigotraders.org,
National Confectionery Wholesalers,Jillian,Allard,General Manager,Suite 43/255 Drummond Street,Carlton,VIC,3053,03 9349 9800,9349 9899,0418 575 432,Jillian-a151a@bendigotraders.org,www.digitalw.com.au
Reale Creative,Matthew,Hedlund,,Po Box 7235,Shepparton ,VIC,3632,,,,Matthew-71897@bendigotraders.org,www.pallitivecareloddonmallee.org
Plunkett Fowles,Grace,Anstey,Sales Manager,Suite 7/118 Church Street,Hawthorn,VIC,3121,, +61 3 98152711,0448 962 711,Grace-7d6f0@bendigotraders.org,
Idrawfast,Jeanne,Burroughs,,202 Claredon Street ,South Melbourne,VIC,3205,03 9696 3466,9696 3465,0423 881 750,Jeanne-86d1a@bendigotraders.org,
GTS Interactive,Kevin,Benwell,,Po Box 6298,St.Kilda Road Central,VIC,8008,,,0419 232 565,Kevin-c86f3@bendigotraders.org,www.happylanding.com.au
Bendigo Health,David,Bates,Project Officer,Po Box 126,Bendigo ,VIC,3552,03 5454 6412,5454 6420,,David-e692f@bendigotraders.org,www.bendigocinemas.com.au
Peter Jackson Australia,Richard,Saunders,Sales Executive,22 Bourke Street,Melbourne,VIC,3000,03 9670 9132,,,Richard-e10b6@bendigotraders.org,
CVGT ,Algernon,Forward,Business Development Manager,178 Mundy Street,Bendigo,VIC,3550,03 5441 5177,5443 8549,0418 126 529,Algernon-6a72b@bendigotraders.org,
Victoria Finance,Geraldine,Vagg,General Manager,"Level One , 100 Dorcas Street",Melbourne,VIC,3004,1300 842 346,1300 842 329,0427 822 944,Geraldine-8148e@bendigotraders.org,
Winn Legal,Julia,Baker,Accredited Specialist Personal Injury,Ground Floor 116 Hardware Street ,Melbourne,VIC,3000,03 9600 3000 or 03 5443 4161,9600 3111,,Julia-2d172@bendigotraders.org,www.sgps.vic.edu.au
,Jim,Yewdale,,,,,,,,,Jim-4f105@bendigotraders.org,
Spring Gully Primary School,Vicki,Enright,Principal,Spring Gully Road,Bendigo ,VIC,3550,03 5443 7230,5441 5584,0448 422 171,Vicki-0b6ce@bendigotraders.org,www.cebendigo.com.au
Stephen Malone Pahotography,Brendon,Chant,Owner,139 Marks Street,Bendigo ,VIC,3550,03 5441 3812,,0417 036 369,Brendon-04fa0@bendigotraders.org,www.idawfast.com
t'hooft,Timothy,Browning,,,,,,03 5444 4448,,0403 961 736,Timothy-6c895@bendigotraders.org,www.cornstalksoftware.com.au
Home Building System,Donald,Gentle,National Business Development Manager,Po Box 6850 St.Kilda Road,Melbourne,VIC,8008,1300 733 730,1300 557 486,,Donald-1c7ed@bendigotraders.org,www.cvgt.com.au
Tyndall Accounting,Gina,Fienberg,Director,196 Pall Mall,Bendigo ,VIC,3550,03 5442 7126,5442 9073,,Gina-4a3ee@bendigotraders.org,www.fightingspirit.com.au
Radiation Oncology Victoria,Kay,Harris,Chief Exectutive Officer,Head Office: 132 Grey Street,East Melbourne,VIC,3002,03 9418 2200,9418 2288,0417 887 791,Kay-638fa@bendigotraders.org,www.idoidocreations.com.au
Wellsprings Day Spa,Christopher,Piper,Managing Director,121 Welsford Street,Shepparton ,VIC,3630,03 5831 4606,5831 46957,,Christopher-c39c0@bendigotraders.org,
Silk Day Spa,Keith,Locke,Owner,52-58 McIvor Road,Bendigo ,VIC,3550,03 5444 5554,03 5444 5552,0488 137 692,Keith-69186@bendigotraders.org,www.sctlogistics.com.au
The Green Olive,Jill,Brown,,211 Bath Lane,Bendigo ,VIC,3550,03 5442 2676,5442 2676,,Jill-80e8b@bendigotraders.org,
Continuing Education ,Douglas,Summerell,Manager,178 Myers Street,Bendigo ,VIC,3550,03 5430 2111,5442 7354,0407 591 959,Douglas-b3b8d@bendigotraders.org,
Rebecca Productions,Alan,Bailey,Exectuitve Producer,Po Box 409,Ashburton,VIC,3147,03 9889 9799,,0418 726 506,Alan-acdbc@bendigotraders.org,www.cebendigo.com.au
I Do  I Do Creations,Eleanor,Higgon,"Events, Advertising, Marketing Director ",Po Box 2573,Bendigo ,VIC,3554,03 5444 2797,,0439 205 406,Eleanor-a0b50@bendigotraders.org,
Peter Anthony Mens Wear,Nicola,Dapozzi,,31 Hargreaves Mall ,Bendigo ,VIC,3550,03 5443 5010,5443 6420,,Nicola-4be08@bendigotraders.org,
VEA,Catharine,Blakemore,It Manager,211A Mitchell Street,Bendigo ,VIC,3550,03 5448 2424 ,5441 8992,,Catharine-d7d17@bendigotraders.org,www.makeyourhouseahome.com.au
Southern Cross Office Equipment,Holly,Havercroft,,226 Mitchell Street,Bendigo,VIC,3550,03 5441 6333,5442 6026,,Holly-c25f1@bendigotraders.org,
Continuing Education ,Bruce,Brock,eLearning Coordinator,205 Myers Street ,Bendigo ,VIC,3550,03 5430 2124,5442 7354,0435 047 451,Bruce-008d2@bendigotraders.org,www.ncw.com.au
Ideal Loans,Clay,Clark,MIAA Member,Suite A 40 Strickland Road ,Bendigo ,VIC,3550,,5444 0798,0408 601 640,Clay-68685@bendigotraders.org,www.ljhooker.com
Silk Day Spa,Annabel,Oliver,Owner,49-58 McIvor Road,Bendigo ,VIC,3550,03 5444 5554,03 5444 5552,0488 137 692,Annabel-12184@bendigotraders.org,
Maloahouse Gourmet Delights,Catherine,Mckerracher,Owner/Manager,ShopOne 97 High Street,Woodend,VIC,3442,03 5427 1608,5427 3226,,Catherine-a8311@bendigotraders.org,www.greatershepparton.com.au
Luke Goggin Real Estate,Sharon,Shade,Agents Representative,49 Mitchell Street,Bendigo ,VIC,3550,03 5442 1422,5441 6662,0413 395 919,Sharon-fad65@bendigotraders.org,www.advancelandscapeandleisure.com.au
OPSM,Alan,Browning,,Bendigo Market Place,Bendigo ,VIC,3550,03 5443 4662,5441 6209,,Alan-28584@bendigotraders.org,www.kidstown.org.au
Continuing Education ,Dale,Baker,eLearning Coordinator,220 Myers Street ,Bendigo ,VIC,3550,03 5430 2124,5442 7354,0435 047 451,Dale-a585c@bendigotraders.org,www.domainliving.com.au
Radiation Oncology Victoria,Kathy,Brotchie,Chief Exectutive Officer,Head Office: 132 Grey Street,East Melbourne,VIC,3002,03 9418 2200,9418 2288,0417 887 791,Kathy-09ab6@bendigotraders.org,
City of Greater Bendigo,Miles,Blackley,Industry/Business Development Officer,118 Lyttleton Terrace,Bendigo ,VIC,3552,03 5434 6197,5434 6267,0419 162 003,Miles-91821@bendigotraders.org,
REIV,Alexander,Beckett,Estate Agent,22 Camberwell Road,Camberwell ,VIC,3124,+61 3 9205 6626 ,+61 3 9205 6692,0419 165 989,Alexander-ba877@bendigotraders.org,www.bendigo.vic.gov.au
The McIvor Motor Inn,Colin,Adams,,109 McIvor Road,Bendigo ,VIC,3550,03 5443 8444 ,5442 5685,,Colin-a1038@bendigotraders.org,
ANZ,Ken,Black,Area Manager,"Level 1, 83 Puckle Street",Moonee Ponds,VIC,3039,03 8325 1206 ,932 8670,,Ken-25b9a@bendigotraders.org,
The Epicurean,Samuel,Love,,82 Mitchell Street,Bendigo ,VIC,3550,03 5443 2699,,,Samuel-c34bb@bendigotraders.org,www.remingtondirect.com.au
Fox Personnel,Katrina,Wade,Partner,184-171 Hargreaves Street,Bendigo ,VIC,3550,03 5441 2959,5441 6944,0413 388 501,Katrina-e9198@bendigotraders.org,
Victoria Finance,Alice,Leopold,General Manager,"Level One , 100 Dorcas Street",Melbourne,VIC,3004,1300 842 346,1300 842 329,0427 822 944,Alice-65c70@bendigotraders.org,www.lisanankervis.com
TADVIC,Andrew,Baker,Chief Exectutive Officer,7 Yarra Boulevard,Kew,VIC,3101,03 9853 8655,9853 8098,,Andrew-80a02@bendigotraders.org,www.confuciusinstitute.unimelb.edu.au
Digital Warehouse,Suzie,Gorie,System Administrator,"Shop 3, 16 Creek Street North",Bendigo ,VIC,3550,03 5441 6390,5441 4134,0419 108 803,Suzie-9210b@bendigotraders.org,www.commbank.com.au
I Do  I Do Creations,Janet,Lupori,"Events, Advertising, Marketing Director ",Po Box 2573,Bendigo ,VIC,3554,03 5444 2797,,0439 205 406,Janet-1dda2@bendigotraders.org,http://www.thrive-imagine.com
Telstra Country Wide ,Toby,Bevan,Business Solutions Manager,121 Armstrong Street,South Ballarat,VIC,3353,1800 630 052,1800 808 483,,Toby-3460a@bendigotraders.org,www.shed7.com.au
Forrest Computing,Ted,Mcdowall,Workshop Manager,Midland Hwy,Epsom,VIC,,03 5448 4934,5448 4938,0418 507 959,Ted-0c87e@bendigotraders.org,www.shed7.com.au
Lift Truck Services,Jonathan,Southall,,4 Midland Hwy,Epsom,VIC,3551,03 5448 8802,,0412 621 212,Jonathan-ec1f7@bendigotraders.org,www.megt.com.au
Doug Lougoon For Real Estate,Daren,O'halloran,Estate Agent & Auctioneer,139 Wills Street,Bendigo ,VIC,3550,03 5445 5488,5445 5499,0418 510 025,Daren-122bf@bendigotraders.org,www.domainliving.com.au
The Match,Isabel,Browne,Owners,7 Bull Street ,Bendigo ,VIC,3550,03 5441 4403,5441 5086,0408 815 199,Isabel-42979@bendigotraders.org,www.commbank.com.au
Tyndall Accounting,Michelle,Bond,Director,16 Pall Mall,Bendigo ,VIC,3550,03 5442 7126,5442 9073,,Michelle-33b8e@bendigotraders.org,www.thooft.com.au
PH Property,Vivienne,Allan,Director,22 Mitchell Street,Bendigo ,VIC,3550,03 5454 1999,5454 1998,0417 537 251,Vivienne-03497@bendigotraders.org,
Thrive Imagination Design,Colin,Bennett,,Unit 1/72 Condon Street ,Bendigo,VIC,3550,,,0418 590 612,Colin-d610b@bendigotraders.org,www.bendigoit.com.au
ESE Consulting,Sheila,Barclay,Senior Consultant,91 Hopetoun Street,Bendigo ,VIC,3550,03 5442 6676,5442 6636,0411 987 704,Sheila-10331@bendigotraders.org,www.cvgt.com.au
View Street Café,Maria,Bagshaw,,"Shop 4, 47-55 View Street",Bendigo ,VIC,3550,03 5442 4095,,,Maria-c3c38@bendigotraders.org,
Telstra Shop,Steve,Andrews,Business Sales Consultant,Level 13/35 Collins Street ,Melbourne,VIC,3000,03 9638 4419,8601 3192,0427 906 936,Steve-ad9bf@bendigotraders.org,
CVGT ,Michael,Parry,Deputy CEO,Jackson Street,Long Gully,VIC,3550,03 5449 2011,5441 1212,0407 403 956,Michael-a039a@bendigotraders.org,www.bendigoit.com.au
The Bridge,Tony,Stinton,Owner,145 Bridge Street,Bendigo ,VIC,3550,03 5443 7811,5442 7714,0438 232 467,Tony-ce61c@bendigotraders.org,
Terry Jarvis,Stuart,Breen,Watercolor Artist,16-118 Bridge Street  ,Bendigo ,VIC,3550,03 5444 0393,,,Stuart-64727@bendigotraders.org,
,Kerri,Ronaldi,,,,,,,,,Kerri-856f2@bendigotraders.org,www.findex.com.au
MacroPlan Australia,Jeff,Bates,Associate Director,Level 4 356 Collins Street,Melbourne,VIC,3000,03 9600 0500,,0402 325 290,Jeff-2371f@bendigotraders.org,www.bendigomcivormotorinn.com.au
Bendigo Health,Colin,Timms,Project Officer,Po Box 126,Bendigo ,VIC,3552,03 5454 6412,5454 6420,,Colin-24cc2@bendigotraders.org,www.ezysys.com.au
Maloahouse Gourmet Delights,Darren,Stamp,Owner/Manager,ShopOne 97 High Street,Woodend,VIC,3442,03 5427 1608,5427 3226,,Darren-59e71@bendigotraders.org,www.thegreenolive.com.au
Silk Day Spa,Matthew,Elsegood,Owner,1-58 McIvor Road,Bendigo ,VIC,3550,03 5444 5554,03 5444 5552,0488 137 692,Matthew-db747@bendigotraders.org,
Hudsons Coffee,Neil,Barrett,Marketing Manager,Po Box 12477 A'Beckett Street,Melbourne,VIC,8006,03 9631 0207,9654 2431,,Neil-2e68a@bendigotraders.org,
The Epicurean,Annabel,Blake,,79 Mitchell Street,Bendigo ,VIC,3550,03 5443 2699,,,Annabel-1dada@bendigotraders.org,
People Potential Unlimited,Sheila,Hill,Managing Principal,Po Box 1317,Bendigo ,VIC,3552,,,0407 685 601,Sheila-3b677@bendigotraders.org,
Ideal Loans,Peter,Keen,MIAA Member,Suite A 40 Strickland Road ,Bendigo ,VIC,3550,,5444 0798,0408 601 640,Peter-06acb@bendigotraders.org,www.bendigotelco.com.au
Grant Ready,Terry,Bowman,Principal,55/49 Belmont Road,Ivanhoe,VIC,3079,03 9497 2657,9012 4570,0400 113 914,Terry-dec6a@bendigotraders.org,www.idealloans.com.au
Wet Technologies,Elinor,Blunt,Business Development Manager,28 Karinie Street,Swan Hill,VIC,3585,03 5033 1566,5033 1213,0400 146 512,Elinor-4a8d4@bendigotraders.org,www.aigroup.asn.au
SCT Logistics,Steve,Armstrong,,115 Westlink Court,Altona,VIC,3018,03 9931 5333,9369 9747,0437 129 078,Steve-3e5e7@bendigotraders.org,
Direct Focus Consulting,Elizabeth,Symonds,Director,GPO Box 5002Y ,Melbourne,VIC,3001,03 9639 4513,9639 7411,0418 136 840,Elizabeth-22cac@bendigotraders.org,www.macroplan.com.au
Clive Peters,Patrick,Arnold,Sales Representative,190 High Street,Kangaroo Flat,VIC,3555,03 5447 5200,5447 5255,,Patrick-ca054@bendigotraders.org,www.commbank.com.au
City of Greater Bendigo,Clare,Browning,Industry/Business Development Officer,175 Lyttleton Terrace,Bendigo ,VIC,3552,03 5434 6197,5434 6267,0419 162 003,Clare-ac3aa@bendigotraders.org,www.bloomngifts.com.au
Business Stratergies International,Judy,Hay,Director,"Innovation Building Level 1, 1010 Latrobe Street",Docklands Vic,VIC,3008,03 9605 9300,9605 9301,0416 131 702,Judy-8ecf1@bendigotraders.org,www.gtsinteractive.com
CVGT ,Maria,Banwell,Business Development Manager,181 Mundy Street,Bendigo,VIC,3550,03 5441 5177,5443 8549,0418 126 529,Maria-0a42b@bendigotraders.org,www.directfocus.com.au
California Gully Primary School,Morley,Banting,Principal,Staley Street,California Gully,VIC,3556,03 5446 8393,5446 3115,0429 963 406,Morley-d1965@bendigotraders.org,
Bendigo IT,Abigail,Fellows,General Manager,Po Box 130,Bendigo ,VIC,3552,03 5444 9500,5443 2847,,Abigail-290c8@bendigotraders.org,www.hildebrand.com.au
Bendigo Trainging Academy,Pamela,Bishop,,88 High Street ,Bendigo ,VIC,3550,03 5444 1876,5441 6727,0409 947 129,Pamela-e313f@bendigotraders.org,www.trevorandrew.com.au
REIV,Conrad,Luttrell,Estate Agent,154 Camberwell Road,Camberwell ,VIC,3124,+61 3 9205 6626 ,+61 3 9205 6692,0419 165 989,Conrad-55c08@bendigotraders.org,www.evansshoes.com.au
Artlive Media,Zachary,Barker,Director,,,,,03 8647 2437,9650 8076,0400 157 988,Zachary-2b987@bendigotraders.org,www.cvgt.com.au
Floate Design Partners,Kaye,Tomlinson,,Level 1 351-353 Elizabeth Street,Melbourne,VIC,3000,03 9606 0866,9670 8216,0418 592 158,Kaye-97e97@bendigotraders.org,www.shed7.com.au
Parbury,Bruce,Browne,Designer Rep,184 International Court,Scoresby,VIC,3179,03 9765 5222,9753 4080,0434 184 756,Bruce-f037a@bendigotraders.org,
SITA Environmental Solutions,Dan,Mcvee,Branch Manager,70-19 Stonepark Road,Ballarat,VIC,3350,03 5336 2733,5336 2871,0412 553 229 ,Dan-8a6c1@bendigotraders.org,
Remington Direct,John,Bondeson,Managing Director,97 Mair Street ,Ballarat,VIC,3350,03 5332 9077,5332 1933,0408 147 950,John-b4c49@bendigotraders.org,www.cebendigo.com.au
GTS Interactive,Lesley,Barker,,Po Box 6298,St.Kilda Road Central,VIC,8008,,,0419 232 565,Lesley-7f847@bendigotraders.org,www.viewstreet.com.au
Bendigo Copy Centre,Gladys,Benjamin,,Alans Walk,Bendigo ,VIC,3550,03 5442 4788,5441 7948,,Gladys-1793f@bendigotraders.org,www.cebendigo.com.au
Impress Publicity,Mark,Bruce,,139 Nixon Street,Shepparton ,VIC,3630,03 5821 2651,5821 6174,0400 644 637,Mark-59f4f@bendigotraders.org,www.sctlogistics.com.au
The Bendigo Advertiser,Lewis,Black,Editor,187 Queen Street ,Bendigo ,VIC,3550,03 5434 4471,5434 4499 ,0407 332 403,Lewis-9a4e4@bendigotraders.org,www.sgps.vic.edu.au
Wet Technologies,Willie,Brown,Business Development Manager,70 Karinie Street,Swan Hill,VIC,3585,03 5033 1566,5033 1213,0400 146 512,Willie-ee3fb@bendigotraders.org,www.wellspringsdayspa.com.au
CVGT ,Virginia,Merrick,Deputy CEO,Jackson Street,Long Gully,VIC,3550,03 5449 2011,5441 1212,0407 403 956,Virginia-66391@bendigotraders.org,
Radiation Oncology Victoria,Carolyn,Rutherford,Chief Exectutive Officer,Head Office: 132 Grey Street,East Melbourne,VIC,3002,03 9418 2200,9418 2288,0417 887 791,Carolyn-7e45d@bendigotraders.org,www.makeyourhouseahome.com.au
Bendigo Community Telco,Marianne,Spriggs,Chief Exectutive Officer,211 McLaren Street ,Bendigo ,VIC,3550,03 5454 5000,5454 1554,0400 545 000,Marianne-5d144@bendigotraders.org,www.grantready.com.au
Confucius Institute - University Of Melbourne,William,Baker,Manager,58 Bouverie Street,Carlton,VIC,3053,03 9347 8462,9348 1067,,William-9bc74@bendigotraders.org,
TADVIC,Janet,Phipps,Chief Exectutive Officer,139 Yarra Boulevard,Kew,VIC,3101,03 9853 8655,9853 8098,,Janet-0a4e5@bendigotraders.org,www.thegreenolive.com.au
Continuing Education ,Elizabeth,Dawes,Manager,16 Myers Street,Bendigo ,VIC,3550,03 5430 2111,5442 7354,0407 591 959,Elizabeth-76733@bendigotraders.org,www.jetset.com.au/littlecollinsstreet
MacroPlan Australia,Yasmin,Carter,Associate Director,Level 4 356 Collins Street,Melbourne,VIC,3000,03 9600 0500,,0402 325 290,Yasmin-dd0fa@bendigotraders.org,www.bensonsproperty.com.au
Delfin Realty - Edgewater,Jessica,Barry,Branch Manager,115-48 Edgewater Blvd,Maribyrnong,VIC,3032,03 8318 0203,9318 4685,0413 131 134,Jessica-90c85@bendigotraders.org,
Biocycle,Amanda,Bryan,Sales Representative,Po Box 26,Eaglehawk,VIC,3556,03 5446 9004,5446 9008,0428 824 000,Amanda-1bfbc@bendigotraders.org,www.foxpersonnel.com.au
PH Property,Sheila,Carpenter,Director,88 Mitchell Street,Bendigo ,VIC,3550,03 5454 1999,5454 1998,0412 519 998,Sheila-d560d@bendigotraders.org,www.biocyclejowagroup.com.au
Artlive Media,Gillian,Dawes,Director,,,,,03 8647 2437,9650 8076,0400 157 988,Gillian-736fa@bendigotraders.org,
Tick It Pacific Tours,Patrick,Mcsauly,,97 Little Collins Street ,Melbourne,VIC,3000,03 9654 6155,9654 3858,,Patrick-6fdb4@bendigotraders.org,www.vea.com.au
Bendigo IT,Heather,Beckett,General Manager,Po Box 130,Bendigo ,VIC,3552,03 5444 9500,5443 2847,,Heather-61e70@bendigotraders.org,www.goodone.com.au
Impress Publicity,Antony,Burroughs,,178 Nixon Street,Shepparton ,VIC,3630,03 5821 2651,5821 6174,0408 579 199,Antony-e655d@bendigotraders.org,www.confuciusinstitute.unimelb.edu.au
Commonwealth Bank,Teri,Appleton,Customer Service Speacialist,91 Hargreaves Mall,Bendigo,VIC,3550,03 5440 2100,5440 2142,,Teri-dbb45@bendigotraders.org,www.greatershepparton.com.au
Central - Vic.Ag,Suzanne,Doscas,,Po Box 110 ,Bridgewater,VIC,3516,,5442 8089,0427 328 534,Suzanne-24192@bendigotraders.org,
Calder Regional Waste Management ,Zachary,Atkins,Executive Officer,Po Box 303 ,Woodend,VIC,3442,03 5427 3479,,0438 771 757,Zachary-a1f54@bendigotraders.org,www.vea.com.au
PH Property,Mike,Merritt,Director,67 Mitchell Street,Bendigo ,VIC,3550,03 5454 1999,5454 1998,0417 537 251,Mike-3720c@bendigotraders.org,
MFR Connections,Benjamin,Liddelow,Doctor,,,,,03 5439 5633,,0407 441 523,Benjamin-2d7d3@bendigotraders.org,www.idealloans.com.au
Bendigo IT,Juliet,Brown,General Manager,Po Box 130,Bendigo ,VIC,3552,03 5444 9500,5443 2847,,Juliet-f4f25@bendigotraders.org,www.parbury.com.au
Tick It Pacific Tours,Steve,Wiggins ,,166 Little Collins Street ,Melbourne,VIC,3000,03 9654 6155,9654 3858,,Steve-7f94f@bendigotraders.org,www.bendigo.vic.gov.au
Stephen Malone Pahotography,Alison,Barnes,Owner,154 Marks Street,Bendigo ,VIC,3550,03 5441 3812,,0417 036 369,Alison-13f9c@bendigotraders.org,www.parbury.com.au
Bendigo Bank,Gerald,Chiplin,Public Relations Officer,,,,,03 5485 7111,5485 7635,0407 882 474,Gerald-a3dbd@bendigotraders.org,www.megt.com.au
Imperial Palace Chinese ,Christopher,Kerly,Proprietors,121 High Street,Bendigo ,VIC,3550,03 5443 4329,,,Christopher-d2bf0@bendigotraders.org,
Reale Creative,Clive,Chitty,,Po Box 7235,Shepparton ,VIC,3632,,,,Clive-5882f@bendigotraders.org,www.megt.com.au
Bendigo IT,Peter,Merrick,General Manager,Po Box 130,Bendigo ,VIC,3552,03 5444 9500,5443 2847,,Peter-2378c@bendigotraders.org,www.delfinrealty.com.au
Xerox Business Centre,Suzie,Baker,,,,,,03 5441 5100,5443 5053,0448 010 587,Suzie-a47f3@bendigotraders.org,www.victoriafinance.com.au
Winn Legal,Michael,Brown,Accredited Specialist Personal Injury,Ground Floor 116 Hardware Street ,Melbourne,VIC,3000,03 9600 3000 or 03 5443 4161,9600 3111,,Michael-8729e@bendigotraders.org,
Fresh 2 U ,Sandra,Hamilton,,Market Box 12 542 Footscray Rd,West Melbourne,VIC,3003,03 9687 9322,9689 6116,0416 275 634,Sandra-f79b7@bendigotraders.org,
Telstra Country Wide ,Tom,Champ,Business Solutions Manager,154 Armstrong Street,South Ballarat,VIC,3353,1800 630 052,1800 808 483,,Tom-e895f@bendigotraders.org,
I Do  I Do Creations,Karen,Austen,"Events, Advertising, Marketing Director ",Po Box 2573,Bendigo ,VIC,3554,03 5444 2797,,0439 205 406,Karen-2dac0@bendigotraders.org,
Plunkett Fowles,Sarah,Bunter,Sales Manager,Suite 7/118 Church Street,Hawthorn,VIC,3121,, +61 3 98152711,0448 962 711,Sarah-de021@bendigotraders.org,www.ncw.com.au
Evans Shoes,Lawrence,Brown,Managing Director,163 Hare Street,Echuca,VIC,3564,03 5482 3499,5482 5605,,Lawrence-79ca6@bendigotraders.org,www.idawfast.com
Bendigo Cinema,Dorothea,Abbey,Cinema Advertising,85 Queen Street,Bendigo ,VIC,3550,03 5442 5346 or 5442 1666,5442 9079,,Dorothea-c148b@bendigotraders.org,www.kidstown.org.au
GTS Interactive,Kirsty,Abbey,,Po Box 6298,St.Kilda Road Central,VIC,8008,,,0419 232 565,Kirsty-3e65f@bendigotraders.org,www.ncw.com.au
MEGT,Tracey,Black,Area Manager,16st Floor 386 Hargreaves Street ,Bendigo,VIC,3550,03 5442 8862,5443 8379,0409 110 359,Tracey-4c9a9@bendigotraders.org,www.eplusarchitecture.com.au
The Petal Factory,Christopher,Brogmus,,175 Bridge Street,Bendigo ,VIC,3550,03 5443 5519,5442 3648,,Christopher-15d1e@bendigotraders.org,
Lisa Nankervis Photography & Design,Maggie,Semmens,Photographer & Designer,115 Dungey Avenue,Bendigo ,VIC,3550,03 5443 1258,,0409 977 694,Maggie-c9cb0@bendigotraders.org,www.anz.com
Glenvill,Carole,Worrall,CEO,196 Malvern Road,Prahran,VIC,3181,03 9529 1111,9529 1311,0412 314 497,Carole-24585@bendigotraders.org,
Bendigo Trainging Academy,Emilie,Glasson,,37 High Street ,Bendigo ,VIC,3550,03 5444 1876,5441 6727,0409 947 129,Emilie-ef7ac@bendigotraders.org,
GTS Interactive,Joanna,Larter,,Po Box 6298,St.Kilda Road Central,VIC,8008,,,0419 232 565,Joanna-46d7a@bendigotraders.org,
Parbury,Hazel,Abbey,Designer Rep,85 International Court,Scoresby,VIC,3179,03 9765 5222,9753 4080,0434 184 756,Hazel-c5e18@bendigotraders.org,www.cvgt.com.au
Shire Of Campaspe,Keith,Black,Exectutive Officer,Po Box 35 ,Echuca,VIC,3564,03 5481 2203 ,5481 2293,,Keith-3dc21@bendigotraders.org,www.wellspringsdayspa.com.au
DRP Architechts (Well Springs Day Spa),Julia,Andrews,Senior Interior Designer,No1 York Place ,Prahran,VIC,3181,03 9521 3414,9521 3644,0414 503 344,Julia-bf672@bendigotraders.org,www.directfocus.com.au
Dunkeld Pastoral,Benjamin,Blackley,Operations Manager,Po Box 50 ,Dunkeld,VIC,3294,03 5577 2644,5577 2622,,Benjamin-c7bf5@bendigotraders.org,
Compelling Economics,Melva,Aymer,,145 Garsed Street ,Bendigo ,VIC,3550,03 5444 4788,5444 4688,0438 447 525,Melva-5dbc9@bendigotraders.org,www.cvgt.com.au
Your Emplyment Solutions,Lucy,Kingston,Site Manager,184B Mollison Street,Bendigo,VIC,3550,03 5441 5611,5441 5894,,Lucy-a2ad0@bendigotraders.org,www.homebuildingsystem.com.au
Wet Technologies,Neil,Beattie,National Sales Manager,133 Karinie Street,Swan Hill,VIC,3585,03 5033 1566,5033 1213,0400 580 431,Neil-de200@bendigotraders.org,www.bsi.com.au
Biocycle,Douglas,Moyle,Sales Representative,Po Box 26,Eaglehawk,VIC,3556,03 5446 9004,5446 9008,0428 824 000,Douglas-ea7de@bendigotraders.org,
VEA,Frank,Gooch,It Manager,109A Mitchell Street,Bendigo ,VIC,3550,03 5448 2424 ,5441 8992,,Frank-bc51e@bendigotraders.org,www.thooft.com.au
Bendigo Community Telco,Basham,Miller,Sales Manager,Po Box 1062,Bendigo ,VIC,3552,03 5454 5010,5454 1510,0428 366 005,Basham-d39da@bendigotraders.org,www.remingtondirect.com.au
Tin Shed Arts,Addie,Byrne,Director,217 Mollison Street ,Malmsbury,VIC,3446,03 5423 2144,,,Addie-fee24@bendigotraders.org,
Domain Living,Peter,Brindley,,196-138 High Street ,Bendigo ,VIC,3550,03 5443 3000,5441 3220,,Peter-cf058@bendigotraders.org,
Impress Publicity,Pauline,Lodington,,13 Nixon Street,Shepparton ,VIC,3630,03 5821 2651,5821 6174,0400 644 637,Pauline-40623@bendigotraders.org,www.reiv.com.au
Impress Publicity,Peter,Bolton,,106 Nixon Street,Shepparton ,VIC,3630,03 5821 2651,5821 6174,0427 212 651,Peter-358f0@bendigotraders.org,www.cvgt.com.au
Confucius Institute - University Of Melbourne,Kylie,Barclay,Manager,130 Bouverie Street,Carlton,VIC,3053,03 9347 8462,9348 1067,,Kylie-daa1a@bendigotraders.org,
TheFriars Café & Wine Bar,Timothy,Friend,,46 Fryers Street,Shepparton ,VIC,3630,03 5822 2181,5831 7731,,Timothy-bd2e0@bendigotraders.org,www.idealloans.com.au
Loddon Mallee Housing Services,Frank,Browne,Transitional Housing Worker,85-30 View Street,Bendigo ,VIC,3550,03 5444 9005, ,0409 852 293,Frank-1112a@bendigotraders.org,www.happylanding.com.au
Delfin Realty,Kaye,Hathaway,Sales Consultant,181-8 Lake Street ,Caroline Springs,VIC,3023,03 9360 5488,9360 5021,0419 799 799,Kaye-01c87@bendigotraders.org,www.artlivemedia.com
Confucius Institute - University Of Melbourne,Julia,Adams,Manager,211 Bouverie Street,Carlton,VIC,3053,03 9347 8462,9348 1067,,Julia-ff031@bendigotraders.org,
Forrest Computing,Julia,Bevan,Workshop Manager,Midland Hwy,Epsom,VIC,,03 5448 4934,5448 4938,0418 507 959,Julia-3e1d2@bendigotraders.org,www.cvgt.com.au
,Peter,Blackwell,,,,,,,,,Peter-f9330@bendigotraders.org,www.macroplan.com.au
MEGT,Doug,Biddle,Industry Employment Consultant,34st Floor 386 Hargreaves Street ,Bendigo ,VIC,3550,03 5442 8862,5443 8379,0427 236 895,Doug-ed3c4@bendigotraders.org,www.sanctuaryspa.com.au
Confucius Institute - University Of Melbourne,Cassie,Bishop,Manager,199 Bouverie Street,Carlton,VIC,3053,03 9347 8462,9348 1067,,Cassie-65786@bendigotraders.org,www.reiv.com.au
OPSM Bendigo,Robert,Anstey,Optometrist & Contact Lense Specialist,Bendigo Market Place,Bendigo ,VIC,3550,03 5443 4662,5441 6209,,Robert-9e36a@bendigotraders.org,www.icnvic.org.au
Remington Direct,Davina,Stock,Managing Director,151 Mair Street ,Ballarat,VIC,3350,03 5332 9077,5332 1933,0408 147 950,Davina-d5743@bendigotraders.org,
e+ architecture,Gladys,Browning,Araia Architect,Po Box 1124,Bendigo ,VIC,3552,03 5443 0055,5441 4981,,Gladys-863cd@bendigotraders.org,www.growdata.com.au
Tick It Pacific Tours,Sally,Coupar,,166 Little Collins Street ,Melbourne,VIC,3000,03 9654 6155,9654 3858,,Sally-987ce@bendigotraders.org,www.delfinrealty.com.au
Innovative Learning Solutions,Dianne,Charter,,Po Box 48 ,Campbells Creek,VIC,3451,03 5472 1550,,0419 520 390,Dianne-36ae4@bendigotraders.org,www.compellingeconomics.com.au
Stephen Malone Pahotography,Wayne,Black,Owner,103 Marks Street,Bendigo ,VIC,3550,03 5441 3812,,0417 036 369,Wayne-bfaa6@bendigotraders.org,www.qdt.com.au
Economic Development Unit - Bendigo Council,Archibald,Chew,Project Officer,133 Lyttleton Terrace,Bendigo,VIC,3552,03 5434 6236,5434 6205,,Archibald-05920@bendigotraders.org,
Birchgrove Property Group,Bartholomew,Beckett,Director,Po Box 43,Strathdale,VIC,3550,1300 856 911,5442 6111,0419 318 360,Bartholomew-938e3@bendigotraders.org,
Commonwealth Bank,Marilyn,Genoni,Relationship Executive,4 King Street,Bendigo ,VIC,3550,03 5440 2669,5440 2659,0429 144 628,Marilyn-e976d@bendigotraders.org,
Bloom n Gifts,Jenny,Moyle,Owners,223 High Street,Golden Square,VIC,3555,03 5442 2112,5442 2326,,Jenny-dd8d8@bendigotraders.org,www.advancelandscapeandleisure.com.au
People Potential Unlimited,Katherine,Medcraft,Managing Principal,Po Box 1317,Bendigo ,VIC,3552,,,0407 685 601,Katherine-64790@bendigotraders.org,www.bsi.com.au
Floate Design Partners,Harley,Tomlinson,,Level 1 351-353 Elizabeth Street,Melbourne,VIC,3000,03 9606 0866,9670 8216,0418 592 158,Harley-36bed@bendigotraders.org,www.compellingeconomics.com.au
Clive Peters,Hellen,Lister,Sales Representative,70 High Street,Kangaroo Flat,VIC,3555,03 5447 5200,5447 5255,,Hellen-dc8c0@bendigotraders.org,www.ljhooker.com
Arnold Dallas McPherson,Phillip,Brown,Solicitor,58 Hargreaves Street,Bendigo ,VIC,3550,03 5445 9200 ,5441 4424,,Phillip-c0ac5@bendigotraders.org,
Win Television,Hugh,Bishop,Station Manager,Cnr High & Lilly Streets,Bendigo ,VIC,3550,03 5441 8035,5441 8015,0401 673 530,Hugh-b461f@bendigotraders.org,www.delfinrealty.com.au
Terry Jarvis,Joy,Strauss,Watercolor Artist,91-118 Bridge Street  ,Bendigo ,VIC,3550,03 5444 0393,,,Joy-537a2@bendigotraders.org,
Shed 7 Hair For Men,Marie,Mcmeekin,,214 View Street,Bendigo ,VIC,3550,03 5441 4277,,,Marie-8fa0f@bendigotraders.org,www.bendigobank.com.au
Swan Hill Hospital,Kathy,Brown,System Support Manager,Po Box 483 Splatt Street,Swan Hill,VIC,3585,03 5033 9299,5032 9258,0401 634 350,Kathy-49443@bendigotraders.org,www.ezysys.com.au
Department of Industry Tourism & Rescources,Gregory,Barclay,Manager,130 Edwards Street,Bendigo,VIC,3550,03 5442 4199,5441 8941,0428 360 230,Gregory-062cb@bendigotraders.org,www.vea.com.au
Fresh 2 U ,Milvina,Mcleod,,Market Box 12 542 Footscray Rd,West Melbourne,VIC,3003,03 9687 9322,9689 6116,0416 275 634,Milvina-84177@bendigotraders.org,
Luke Goggin Real Estate,Washington,Buckley,Agents Representative,82 Mitchell Street,Bendigo ,VIC,3550,03 5442 1422,5441 6662,0413 395 919,Washington-7b0ce@bendigotraders.org,www.evansshoes.com.au
Simonds Homes,Gina,Abbett,Regional Manager,Po Box 5022,Sandhurst East,VIC,3550,03 5445 1506,5442 9800,0400 794 212,Gina-24dd6@bendigotraders.org,
Bendigo IT,Heather,Dempsey,General Manager,Po Box 130,Bendigo ,VIC,3552,03 5444 9500,5443 2847,,Heather-6768a@bendigotraders.org,www.makeyourhouseahome.com.au
City of Greater Bendigo,Elwin,Gabel,Industry/Business Development Officer,67 Lyttleton Terrace,Bendigo ,VIC,3552,03 5434 6197,5434 6267,0419 162 003,Elwin-385da@bendigotraders.org,www.wellspringsdayspa.com.au
The McIvor Motor Inn,Fiona,B,,223 McIvor Road,Bendigo ,VIC,3550,03 5443 8444 ,5442 5685,,Fiona-d688e@bendigotraders.org,www.parbury.com.au
Imperial Palace Chinese ,Rosemary,Sumsion,Proprietors,31 High Street,Bendigo ,VIC,3550,03 5443 4329,,,Rosemary-df04c@bendigotraders.org,
Southern Cross Office Equipment,Linda,Ward,,163 Mitchell Street,Bendigo,VIC,3550,03 5441 6333,5442 6026,,Linda-c2a7f@bendigotraders.org,
City of Greater Bendigo,Albert,Dovey,Industry/Business Development Officer,94 Lyttleton Terrace,Bendigo ,VIC,3552,03 5434 6197,5434 6267,0419 162 003,Albert-ca433@bendigotraders.org,
Economic Development Unit - Bendigo Council,Katherine,Bates,Project Officer,103 Lyttleton Terrace,Bendigo,VIC,3552,03 5434 6236,5434 6205,,Katherine-ec9ae@bendigotraders.org,www.domainliving.com.au
Luke Goggin Real Estate,Claude,Doran,Agents Representative,121 Mitchell Street,Bendigo ,VIC,3550,03 5442 1422,5441 6662,0413 395 919,Claude-a47f3@bendigotraders.org,www.ncw.com.au
OPSM,Helen,Bartlett,,Bendigo Market Place,Bendigo ,VIC,3550,03 5443 4662,5441 6209,,Helen-04f7e@bendigotraders.org,www.cvgt.com.au
Universita Bar & Risotrante,Claire,Smyth,,205 Lygon Street ,Carlton,VIC,3053,03 9347 2142,9347 0705,0418 186 104,Claire-35077@bendigotraders.org,www.thematch.com.au
Ezy Systems,Lynne,Thomas,Director,196a Hopetoun Street,Bendigo ,VIC,3550,03 5441 2044,5442 3132,0417 334 206,Lynne-70c39@bendigotraders.org,
ANZ,Carol,V,Area Manager,"Level 1, 83 Puckle Street",Moonee Ponds,VIC,3039,03 8325 1206 ,932 8670,,Carol-ed24d@bendigotraders.org,
Bendigo Community Telco,Jeffery,Jenkinson,Technical Manager,Po Box 1062,Bendigo,VIC,3552,03 5454 5009,5454 1509,0428 366 123,Jeffery-25ff9@bendigotraders.org,
Impress Publicity,Diana,Andrew,,112 Nixon Street,Shepparton ,VIC,3630,03 5821 2651,5821 6174,0408 579 199,Diana-323be@bendigotraders.org,www.icnvic.org.au
Your Emplyment Solutions,Julia,Brown,Site Manager,97B Mollison Street,Bendigo,VIC,3550,03 5441 5611,5441 5894,,Julia-f47f4@bendigotraders.org,www.cvgt.com.au
